date,open,high,low,close,volume,Name
2013-02-08,31.34,31.34,30.82,31.08,21198538,EXC
2013-02-11,31.05,31.53,30.91,31.42,20162778,EXC
2013-02-12,31.43,31.955,31.4,31.95,22986821,EXC
2013-02-13,32.0,32.0,31.52,31.59,7103538,EXC
2013-02-14,30.95,31.13,30.67,30.71,7106366,EXC
2013-02-15,30.79,30.88,30.57,30.62,7314570,EXC
2013-02-19,30.58,30.75,30.15,30.59,6884874,EXC
2013-02-20,30.52,30.6176,30.23,30.29,7586249,EXC
2013-02-21,30.19,30.28,30.13,30.2,5122112,EXC
2013-02-22,30.21,30.715,30.21,30.49,6990760,EXC
2013-02-25,30.62,30.95,30.33,30.35,5676283,EXC
2013-02-26,30.44,30.98,30.43,30.6,10897905,EXC
2013-02-27,30.6,30.83,30.395,30.79,5747570,EXC
2013-02-28,30.79,31.09,30.67,30.99,5758887,EXC
2013-03-01,30.96,31.06,30.64,30.91,4599226,EXC
2013-03-04,30.84,31.41,30.78,31.34,4753083,EXC
2013-03-05,31.35,31.68,31.31,31.44,6034769,EXC
2013-03-06,31.53,31.915,31.48,31.81,5991389,EXC
2013-03-07,31.75,31.94,31.75,31.82,5519355,EXC
2013-03-08,31.93,32.18,31.76,32.13,7031308,EXC
2013-03-11,32.01,32.46,32.01,32.41,5731472,EXC
2013-03-12,32.39,32.46,32.0,32.07,5165032,EXC
2013-03-13,32.08,32.235,32.0,32.2,2749453,EXC
2013-03-14,32.22,32.5,32.1862,32.48,4528654,EXC
2013-03-15,32.4,33.44,32.26,33.39,13249178,EXC
2013-03-18,33.18,33.5,33.13,33.4,5793056,EXC
2013-03-19,33.5,33.75,33.25,33.47,7007873,EXC
2013-03-20,33.55,33.74,33.445,33.69,5120755,EXC
2013-03-21,33.69,33.78,33.54,33.7,4533077,EXC
2013-03-22,33.7,33.94,33.62,33.85,5238208,EXC
2013-03-25,33.95,34.12,33.44,33.51,7180579,EXC
2013-03-26,33.68,33.885,33.59,33.77,3411417,EXC
2013-03-27,33.61,34.07,33.57,34.03,3956781,EXC
2013-03-28,34.0,34.56,33.95,34.48,5908571,EXC
2013-04-01,34.42,34.54,34.29,34.36,3403837,EXC
2013-04-02,34.41,34.71,34.38,34.69,3966041,EXC
2013-04-03,34.72,34.81,34.43,34.5,5619048,EXC
2013-04-04,34.54,34.8,34.5,34.72,4152272,EXC
2013-04-05,34.5,35.24,34.42,35.14,7702783,EXC
2013-04-08,35.08,35.43,34.87,35.43,5035695,EXC
2013-04-09,35.45,35.867,35.33,35.71,6024553,EXC
2013-04-10,35.85,36.25,35.73,36.14,5632932,EXC
2013-04-11,36.21,36.25,36.01,36.18,4606576,EXC
2013-04-12,36.1,36.25,36.04,36.22,5677493,EXC
2013-04-15,36.04,36.29,35.84,35.84,7460253,EXC
2013-04-16,35.91,36.01,35.65,36.0,5703777,EXC
2013-04-17,35.86,36.185,35.81,36.07,5758006,EXC
2013-04-18,36.16,36.55,35.96,36.46,5424454,EXC
2013-04-19,36.53,36.75,36.3,36.68,8741616,EXC
2013-04-22,36.68,36.79,36.55,36.67,4745554,EXC
2013-04-23,36.74,36.87,36.43,36.87,5096684,EXC
2013-04-24,36.83,37.22,36.79,37.16,6020021,EXC
2013-04-25,37.2,37.41,36.85,37.19,4907222,EXC
2013-04-26,37.18,37.43,37.17,37.33,5259245,EXC
2013-04-29,37.44,37.78,37.3601,37.78,5520397,EXC
2013-04-30,37.64,37.8,37.21,37.51,9138849,EXC
2013-05-01,37.28,37.44,36.56,36.75,10795227,EXC
2013-05-02,36.62,36.62,35.88,36.34,7128717,EXC
2013-05-03,36.45,36.685,35.78,35.81,7001409,EXC
2013-05-06,35.48,35.58,34.97,35.25,6245930,EXC
2013-05-07,35.34,35.57,35.25,35.51,4482584,EXC
2013-05-08,35.44,35.78,35.44,35.71,6706045,EXC
2013-05-09,35.65,35.84,35.46,35.6,19023775,EXC
2013-05-10,35.54,35.75,35.45,35.75,17513831,EXC
2013-05-13,35.4,35.49,34.89,34.93,5390562,EXC
2013-05-14,34.99,35.26,34.91,35.0,5229441,EXC
2013-05-15,34.96,35.54,34.7,35.19,5805794,EXC
2013-05-16,35.08,35.2,34.68,34.79,5448784,EXC
2013-05-17,34.91,35.29,34.82,35.15,7973703,EXC
2013-05-20,35.21,35.38,34.93,34.99,5001335,EXC
2013-05-21,35.02,35.28,34.9,35.01,4822456,EXC
2013-05-22,34.98,35.46,34.51,34.6,6926294,EXC
2013-05-23,34.42,34.93,34.22,34.72,6516289,EXC
2013-05-24,34.56,34.69,34.4,34.65,5317398,EXC
2013-05-28,32.13,32.75,31.925,32.04,21262848,EXC
2013-05-29,31.77,32.175,31.41,31.65,11084946,EXC
2013-05-30,31.86,32.37,31.47,31.5,7609166,EXC
2013-05-31,31.56,31.95,31.34,31.34,6706224,EXC
2013-06-03,31.38,32.0051,31.25,31.61,7449850,EXC
2013-06-04,31.52,31.66,31.3,31.59,5337883,EXC
2013-06-05,31.44,31.62,31.18,31.41,6200463,EXC
2013-06-06,31.34,31.59,31.25,31.5,7666091,EXC
2013-06-07,31.52,31.71,31.05,31.36,8883458,EXC
2013-06-10,31.56,31.56,31.15,31.39,7029399,EXC
2013-06-11,31.19,31.68,31.11,31.2,6231304,EXC
2013-06-12,31.32,31.46,30.38,30.4,7517305,EXC
2013-06-13,30.48,30.71,30.12,30.71,7421152,EXC
2013-06-14,30.72,31.0,30.61,30.63,4795123,EXC
2013-06-17,30.77,30.93,30.59,30.73,5985350,EXC
2013-06-18,30.74,31.15,30.68,31.15,5714176,EXC
2013-06-19,31.07,31.26,30.67,30.68,7552103,EXC
2013-06-20,30.48,30.61,29.84,29.9,8722903,EXC
2013-06-21,30.12,30.58,29.93,30.3,10987771,EXC
2013-06-24,30.0,30.945,29.84,30.62,10042420,EXC
2013-06-25,30.78,31.3,30.31,31.08,9474232,EXC
2013-06-26,31.23,31.5,31.135,31.35,5649176,EXC
2013-06-27,31.39,31.49,31.0,31.09,6105786,EXC
2013-06-28,31.09,31.25,30.84,30.88,8035936,EXC
2013-07-01,30.95,31.03,30.19,30.32,6744645,EXC
2013-07-02,30.27,30.62,30.145,30.22,5380923,EXC
2013-07-03,30.13,30.19,29.9,30.08,2437861,EXC
2013-07-05,30.0,30.06,29.44,29.74,4050717,EXC
2013-07-08,29.77,30.45,29.75,30.45,5742313,EXC
2013-07-09,30.49,30.9,30.48,30.81,5535137,EXC
2013-07-10,30.71,30.74,30.48,30.57,4193736,EXC
2013-07-11,30.81,31.02,30.715,31.0,4496036,EXC
2013-07-12,31.0,31.08,30.73,31.04,4030614,EXC
2013-07-15,30.96,31.65,30.9,31.55,4249357,EXC
2013-07-16,31.53,31.57,31.25,31.47,3233376,EXC
2013-07-17,31.61,31.65,31.33,31.43,2700260,EXC
2013-07-18,31.62,31.96,31.595,31.83,4540210,EXC
2013-07-19,31.84,32.05,31.72,32.04,7718947,EXC
2013-07-22,32.0,32.33,31.96,32.31,4183660,EXC
2013-07-23,32.23,32.42,32.01,32.1,4166297,EXC
2013-07-24,32.02,32.05,31.08,31.18,5500211,EXC
2013-07-25,31.11,31.55,31.05,31.51,4371429,EXC
2013-07-26,31.41,31.66,31.235,31.65,3507631,EXC
2013-07-29,31.44,31.92,31.3501,31.69,4472276,EXC
2013-07-30,31.86,32.095,31.45,31.46,5774805,EXC
2013-07-31,31.4,31.43,30.33,30.59,8441503,EXC
2013-08-01,30.58,30.83,30.3575,30.8,5356492,EXC
2013-08-02,30.8,30.905,30.46,30.62,6556467,EXC
2013-08-05,30.59,30.95,30.42,30.63,3881251,EXC
2013-08-06,30.54,30.62,30.11,30.25,4950525,EXC
2013-08-07,30.17,30.9,30.07,30.84,4575384,EXC
2013-08-08,30.87,31.45,30.77,31.35,22236794,EXC
2013-08-09,31.26,31.41,31.115,31.26,15148511,EXC
2013-08-12,31.15,31.2,30.94,31.06,17857928,EXC
2013-08-13,30.67,30.85,30.33,30.42,6001496,EXC
2013-08-14,30.33,30.5,30.01,30.44,4321338,EXC
2013-08-15,30.25,30.52,30.18,30.47,5543930,EXC
2013-08-16,30.49,30.6,30.03,30.16,6852177,EXC
2013-08-19,30.03,30.28,29.75,29.86,6060170,EXC
2013-08-20,29.85,30.34,29.74,30.12,7456988,EXC
2013-08-21,30.05,30.08,29.67,29.86,6150855,EXC
2013-08-22,29.89,30.87,29.82,30.72,6907245,EXC
2013-08-23,30.84,31.0,30.59,30.96,4209142,EXC
2013-08-26,30.9,30.9599,30.69,30.7,4960836,EXC
2013-08-27,30.48,30.7854,30.37,30.56,4692822,EXC
2013-08-28,30.55,30.83,30.43,30.71,4248250,EXC
2013-08-29,30.59,30.725,30.32,30.42,4534508,EXC
2013-08-30,30.43,30.69,30.4,30.49,4478247,EXC
2013-09-03,30.66,30.75,30.0299,30.09,4924570,EXC
2013-09-04,30.01,30.2,29.7,30.09,5969935,EXC
2013-09-05,30.05,30.17,29.86,30.05,3413653,EXC
2013-09-06,30.19,30.625,30.17,30.31,5153369,EXC
2013-09-09,30.34,30.42,30.04,30.25,4326970,EXC
2013-09-10,30.43,30.76,30.23,30.73,5382234,EXC
2013-09-11,30.7,30.76,29.9901,30.12,6418525,EXC
2013-09-12,30.08,30.24,29.9,30.02,4262999,EXC
2013-09-13,30.09,30.21,30.01,30.17,2910965,EXC
2013-09-16,30.42,30.67,30.1,30.22,4808023,EXC
2013-09-17,30.2,30.485,30.1,30.34,4998763,EXC
2013-09-18,30.15,31.19,30.07,31.02,7667019,EXC
2013-09-19,31.03,31.18,30.56,30.84,4835746,EXC
2013-09-20,30.85,30.9,30.11,30.13,8146488,EXC
2013-09-23,30.06,30.69,29.73,30.42,5134196,EXC
2013-09-24,30.46,30.64,30.25,30.52,4732468,EXC
2013-09-25,30.45,30.66,30.21,30.31,3999177,EXC
2013-09-26,30.37,30.45,29.84,30.09,3895139,EXC
2013-09-27,30.02,30.15,29.58,29.74,3696503,EXC
2013-09-30,29.67,29.87,29.4201,29.64,5293004,EXC
2013-10-01,29.67,29.795,29.46,29.64,3800138,EXC
2013-10-02,29.5,29.89,29.35,29.71,4460636,EXC
2013-10-03,29.55,29.56,29.1,29.17,4836587,EXC
2013-10-04,29.2,29.34,29.11,29.23,2668626,EXC
2013-10-07,29.07,29.4397,29.0,29.08,3547021,EXC
2013-10-08,29.02,29.58,29.02,29.3,4860647,EXC
2013-10-09,29.43,29.99,29.35,29.71,6397911,EXC
2013-10-10,29.78,30.2,29.43,30.15,4712193,EXC
2013-10-11,30.18,30.59,30.05,30.34,4292684,EXC
2013-10-14,30.18,30.2,29.6,30.02,4465274,EXC
2013-10-15,29.91,29.95,29.45,29.52,4814918,EXC
2013-10-16,28.96,29.26,28.59,28.75,12641132,EXC
2013-10-17,28.69,29.4,28.38,29.04,8530672,EXC
2013-10-18,29.06,29.08,28.71,28.75,8291107,EXC
2013-10-21,28.79,28.95,28.37,28.58,8486073,EXC
2013-10-22,28.595,28.8,28.21,28.69,13606787,EXC
2013-10-23,28.38,28.5001,27.74,27.97,17272915,EXC
2013-10-24,27.89,28.14,27.58,27.74,10766853,EXC
2013-10-25,27.75,27.96,27.63,27.96,7844480,EXC
2013-10-28,27.65,28.18,27.65,28.07,9437027,EXC
2013-10-29,28.07,28.35,27.83,28.05,8997449,EXC
2013-10-30,28.51,28.9,27.81,28.55,13746526,EXC
2013-10-31,28.61,28.83,28.13,28.54,8674532,EXC
2013-11-01,28.65,28.78,28.45,28.67,5961596,EXC
2013-11-04,28.71,28.74,28.31,28.59,8123260,EXC
2013-11-05,28.58,28.905,28.25,28.25,7630469,EXC
2013-11-06,28.42,29.09,28.31,29.01,11405506,EXC
2013-11-07,29.04,29.14,28.49,28.56,19444533,EXC
2013-11-08,28.36,28.38,27.73,28.34,22260100,EXC
2013-11-11,28.23,28.89,28.2,28.85,6911023,EXC
2013-11-12,28.55,28.72,28.06,28.17,28029647,EXC
2013-11-13,27.75,28.16,27.69,28.06,6643959,EXC
2013-11-14,28.08,28.25,27.87,27.9,8289603,EXC
2013-11-15,27.85,28.29,27.81,28.12,6205810,EXC
2013-11-18,28.25,28.33,28.02,28.04,5301918,EXC
2013-11-19,28.0,28.11,27.62,27.72,6382000,EXC
2013-11-20,27.9,28.17,27.58,27.6,6054361,EXC
2013-11-21,27.63,27.93,27.55,27.65,5914638,EXC
2013-11-22,27.64,27.74,27.33,27.35,4956357,EXC
2013-11-25,27.35,27.37,27.08,27.23,8766452,EXC
2013-11-26,27.23,27.23,26.92,26.95,5950935,EXC
2013-11-27,26.91,27.05,26.87,26.94,5061540,EXC
2013-11-29,26.94,27.22,26.89,26.91,2697976,EXC
2013-12-02,26.95,27.09,26.64,26.9,6551868,EXC
2013-12-03,26.78,27.42,26.74,27.41,7430091,EXC
2013-12-04,27.31,27.75,27.21,27.7,6298867,EXC
2013-12-05,27.68,27.81,27.12,27.81,8978481,EXC
2013-12-06,27.88,28.47,27.8,28.44,10564783,EXC
2013-12-09,28.43,28.5,28.12,28.47,7622490,EXC
2013-12-10,28.47,28.48,28.1,28.2,8036910,EXC
2013-12-11,28.16,28.28,27.92,28.01,8752969,EXC
2013-12-12,27.92,28.16,27.76,27.9,6389741,EXC
2013-12-13,27.87,28.04,27.53,27.7,5259442,EXC
2013-12-16,27.69,28.02,27.69,27.78,7439439,EXC
2013-12-17,27.76,27.85,27.59,27.73,6961007,EXC
2013-12-18,27.72,27.96,27.24,27.93,8901437,EXC
2013-12-19,27.74,27.765,27.12,27.22,8953964,EXC
2013-12-20,27.26,27.69,27.07,27.26,15041969,EXC
2013-12-23,27.35,27.555,27.09,27.14,7468061,EXC
2013-12-24,27.05,27.35,27.05,27.29,3008485,EXC
2013-12-26,27.36,27.45,27.16,27.19,4314410,EXC
2013-12-27,27.25,27.445,27.1299,27.15,5191422,EXC
2013-12-30,27.16,27.55,27.16,27.48,6644528,EXC
2013-12-31,27.54,27.68,27.28,27.39,5993068,EXC
2014-01-02,27.46,27.58,27.16,27.17,4983758,EXC
2014-01-03,26.9,26.97,26.45,26.62,10157328,EXC
2014-01-06,26.61,26.855,26.55,26.79,7421560,EXC
2014-01-07,26.97,27.0,26.69,26.93,7045515,EXC
2014-01-08,26.99,27.0901,26.76,26.87,5820157,EXC
2014-01-09,26.88,27.1,26.8,27.03,5646411,EXC
2014-01-10,27.16,27.59,27.1,27.17,5593009,EXC
2014-01-13,27.14,27.18,26.8799,26.98,4403118,EXC
2014-01-14,26.99,27.24,26.85,26.89,5425446,EXC
2014-01-15,26.89,27.075,26.72,26.77,4731040,EXC
2014-01-16,26.87,27.44,26.81,27.41,5249989,EXC
2014-01-17,27.48,27.55,27.06,27.2,4560881,EXC
2014-01-21,27.27,27.78,27.24,27.77,7407301,EXC
2014-01-22,27.7,28.17,27.66,28.13,7712254,EXC
2014-01-23,27.98,28.4,27.92,28.32,8749472,EXC
2014-01-24,28.21,29.16,28.2,28.27,13805769,EXC
2014-01-27,28.45,28.45,28.0801,28.2,8275201,EXC
2014-01-28,28.39,28.42,27.9,28.1,5938006,EXC
2014-01-29,28.06,28.26,27.9501,28.19,6116433,EXC
2014-01-30,28.3,29.075,28.24,28.99,9983226,EXC
2014-01-31,28.8,29.31,28.78,29.0,10412341,EXC
2014-02-03,29.12,29.4,28.7,28.97,14383308,EXC
2014-02-04,29.21,29.25,28.82,28.91,9383593,EXC
2014-02-05,28.77,29.08,28.57,28.86,9930753,EXC
2014-02-06,28.81,29.88,28.81,29.49,13763414,EXC
2014-02-07,29.7,29.7,29.08,29.44,9390546,EXC
2014-02-10,29.35,29.55,29.23,29.4,7130167,EXC
2014-02-11,29.33,29.62,29.14,29.47,7617930,EXC
2014-02-12,29.16,29.17,28.79,28.94,5453861,EXC
2014-02-13,28.88,29.59,28.85,29.4,9758902,EXC
2014-02-14,29.34,29.8,29.26,29.74,7361988,EXC
2014-02-18,29.76,30.18,29.635,30.05,8592493,EXC
2014-02-19,29.96,30.33,29.75,29.96,7017696,EXC
2014-02-20,29.94,30.28,29.73,30.23,6189211,EXC
2014-02-21,30.26,30.71,30.1,30.42,8391757,EXC
2014-02-24,30.42,30.95,30.37,30.39,10331880,EXC
2014-02-25,30.36,30.74,30.19,30.36,5712028,EXC
2014-02-26,30.44,30.65,30.34,30.42,3632197,EXC
2014-02-27,30.36,30.48,29.96,30.17,6059666,EXC
2014-02-28,30.29,30.575,30.25,30.41,4558963,EXC
2014-03-03,30.24,30.34,30.02,30.03,3731141,EXC
2014-03-04,30.27,30.5,30.03,30.4,5405788,EXC
2014-03-05,30.41,30.5,30.185,30.28,3923230,EXC
2014-03-06,30.2,30.39,29.61,29.81,7124686,EXC
2014-03-07,29.68,29.825,29.14,29.82,8027872,EXC
2014-03-10,29.81,29.96,29.6,29.88,4319143,EXC
2014-03-11,30.14,30.14,29.68,29.84,3017005,EXC
2014-03-12,29.75,30.19,29.68,30.18,3311804,EXC
2014-03-13,30.17,30.68,30.15,30.51,4760385,EXC
2014-03-14,30.43,30.87,30.34,30.64,5138045,EXC
2014-03-17,30.73,31.055,30.52,31.02,5664281,EXC
2014-03-18,31.09,31.26,30.91,31.15,4165336,EXC
2014-03-19,31.19,31.53,30.9,31.06,8728501,EXC
2014-03-20,30.93,31.44,30.58,31.37,7417698,EXC
2014-03-21,32.6,32.87,31.93,32.55,14184870,EXC
2014-03-24,32.56,32.97,32.52,32.93,9380261,EXC
2014-03-25,32.91,33.035,32.4701,32.93,6488479,EXC
2014-03-26,32.93,33.0,32.06,32.44,10412048,EXC
2014-03-27,32.46,32.91,32.15,32.82,6203770,EXC
2014-03-28,32.76,33.33,32.63,33.29,7200764,EXC
2014-03-31,33.4,33.94,33.32,33.56,7783304,EXC
2014-04-01,33.6,33.67,33.11,33.49,4373977,EXC
2014-04-02,33.5,33.755,33.23,33.51,7751145,EXC
2014-04-03,33.57,33.87,33.4,33.78,5372914,EXC
2014-04-04,33.83,34.875,33.78,34.47,12336807,EXC
2014-04-07,34.45,35.03,34.45,34.69,8272738,EXC
2014-04-08,34.52,35.55,34.335,35.54,11129026,EXC
2014-04-09,35.58,35.75,34.85,35.29,10072840,EXC
2014-04-10,35.35,35.65,34.96,35.09,6041860,EXC
2014-04-11,35.04,35.32,34.99,35.16,6017669,EXC
2014-04-14,35.15,35.325,35.06,35.29,7474303,EXC
2014-04-15,35.44,36.0,35.39,36.0,7257857,EXC
2014-04-16,35.91,36.25,35.77,36.24,3607052,EXC
2014-04-17,36.12,36.32,35.8,36.06,6481440,EXC
2014-04-21,35.99,36.405,35.76,35.94,4116134,EXC
2014-04-22,35.89,36.1,35.65,35.89,4297278,EXC
2014-04-23,35.99,36.44,35.83,35.9,4688955,EXC
2014-04-24,36.04,36.23,35.7,36.01,5935549,EXC
2014-04-25,36.01,36.3,35.9,36.26,5107106,EXC
2014-04-28,36.31,36.6,36.23,36.51,4933832,EXC
2014-04-29,36.44,36.55,35.98,36.18,7561487,EXC
2014-04-30,34.22,35.36,34.22,35.03,22499087,EXC
2014-05-01,35.45,36.2,35.36,35.99,14724492,EXC
2014-05-02,35.98,36.29,35.36,35.84,10117056,EXC
2014-05-05,35.77,36.38,35.67,36.24,6138192,EXC
2014-05-06,36.57,36.59,35.98,36.04,8674506,EXC
2014-05-07,35.98,36.84,35.98,36.76,7082684,EXC
2014-05-08,36.66,36.69,36.15,36.48,5039571,EXC
2014-05-09,36.47,36.72,36.19,36.2,6544362,EXC
2014-05-12,36.25,36.4,35.3443,35.4,7377623,EXC
2014-05-13,35.56,35.76,35.37,35.63,6628941,EXC
2014-05-14,35.4,35.49,34.73,34.8,8136624,EXC
2014-05-15,34.82,34.92,34.52,34.55,6663766,EXC
2014-05-16,34.53,34.59,34.26,34.37,9026608,EXC
2014-05-19,34.33,34.51,33.9,33.97,7408748,EXC
2014-05-20,33.93,34.21,33.77,33.89,6647880,EXC
2014-05-21,33.93,33.9612,33.5,33.9,7732391,EXC
2014-05-22,33.83,34.37,33.76,34.2,5910832,EXC
2014-05-23,34.07,34.43,34.04,34.15,5391389,EXC
2014-05-27,34.67,35.95,34.66,35.38,13649702,EXC
2014-05-28,35.14,36.08,35.13,35.99,11226498,EXC
2014-05-29,36.09,36.595,35.89,36.06,13233453,EXC
2014-05-30,36.12,36.85,36.06,36.83,8227167,EXC
2014-06-02,36.62,36.715,36.32,36.6,5888573,EXC
2014-06-03,36.63,37.25,36.5,37.19,7580520,EXC
2014-06-04,37.08,37.29,36.9,37.27,5338844,EXC
2014-06-05,37.1,37.555,37.09,37.46,11936133,EXC
2014-06-06,37.51,37.73,37.34,37.41,5092104,EXC
2014-06-09,37.26,37.4473,37.03,37.08,5266104,EXC
2014-06-10,37.18,37.4,37.06,37.16,4507619,EXC
2014-06-11,36.09,36.94,35.72,35.75,15367014,EXC
2014-06-12,35.03,35.34,34.81,35.07,44407688,EXC
2014-06-13,35.08,35.84,34.87,35.72,16372774,EXC
2014-06-16,35.92,36.495,35.84,36.11,16125632,EXC
2014-06-17,36.23,36.5,36.15,36.29,11725707,EXC
2014-06-18,36.24,36.925,36.24,36.85,9111937,EXC
2014-06-19,36.94,37.27,36.9,37.17,8169875,EXC
2014-06-20,37.2,37.23,36.64,36.76,7978068,EXC
2014-06-23,36.945,37.07,35.95,36.28,7060169,EXC
2014-06-24,36.21,36.3347,36.09,36.21,7616701,EXC
2014-06-25,36.15,36.37,36.02,36.22,5481598,EXC
2014-06-26,36.31,36.41,35.98,36.11,6052284,EXC
2014-06-27,35.96,36.33,35.96,36.29,4781446,EXC
2014-06-30,36.45,36.71,36.25,36.48,6269621,EXC
2014-07-01,36.08,36.26,35.55,35.7,7031451,EXC
2014-07-02,35.55,35.59,34.33,34.59,11109836,EXC
2014-07-03,34.37,34.37,33.8,33.97,8016346,EXC
2014-07-07,34.06,34.51,34.03,34.36,10563147,EXC
2014-07-08,34.48,34.52,34.21,34.32,7228978,EXC
2014-07-09,34.37,34.475,34.15,34.26,7582450,EXC
2014-07-10,34.15,34.465,34.145,34.36,7476386,EXC
2014-07-11,34.16,34.37,33.72,33.78,9178267,EXC
2014-07-14,33.95,33.95,32.86,32.89,10240208,EXC
2014-07-15,32.9,33.06,32.71,32.85,9073161,EXC
2014-07-16,32.89,32.95,32.63,32.94,8855119,EXC
2014-07-17,32.18,32.35,31.87,32.09,10140043,EXC
2014-07-18,32.18,32.35,31.87,32.09,10140043,EXC
2014-07-21,32.24,32.32,31.85,32.23,8363446,EXC
2014-07-22,32.25,32.3,31.76,31.78,8779447,EXC
2014-07-23,31.84,31.97,31.68,31.76,4568737,EXC
2014-07-24,31.36,31.94,31.27,31.81,6165133,EXC
2014-07-25,31.73,31.99,31.38,31.45,3689022,EXC
2014-07-28,31.41,32.13,31.382,31.95,5683366,EXC
2014-07-29,31.94,32.05,31.43,31.47,6294252,EXC
2014-07-30,31.63,31.66,30.8549,31.01,7976802,EXC
2014-07-31,30.93,31.49,30.8,31.08,9238238,EXC
2014-08-01,31.52,31.525,30.66,31.36,10079611,EXC
2014-08-04,31.52,31.525,30.66,31.36,10079611,EXC
2014-08-05,31.28,31.56,31.035,31.13,6683861,EXC
2014-08-06,31.04,31.25,30.73,31.18,11411071,EXC
2014-08-07,31.26,31.8,31.21,31.56,7241825,EXC
2014-08-08,31.6,32.15,31.56,32.12,5967958,EXC
2014-08-11,32.18,32.33,32.01,32.11,4956144,EXC
2014-08-12,32.06,32.16,31.8,31.87,4970709,EXC
2014-08-13,31.58,31.72,31.33,31.45,3471904,EXC
2014-08-14,31.55,31.92,31.5,31.83,3248951,EXC
2014-08-15,31.85,32.2,31.64,31.8,5611261,EXC
2014-08-18,31.93,32.105,31.725,31.82,4037386,EXC
2014-08-19,31.91,32.0,31.68,31.96,4918532,EXC
2014-08-20,31.98,32.02,31.85,31.99,2562604,EXC
2014-08-21,31.93,32.49,31.93,32.25,5913018,EXC
2014-08-22,32.19,32.62,32.18,32.39,5511159,EXC
2014-08-25,32.46,32.92,32.3601,32.83,4532233,EXC
2014-08-26,32.85,33.04,32.28,32.31,4106382,EXC
2014-08-27,32.34,32.78,32.34,32.77,4544604,EXC
2014-08-28,32.62,33.17,32.5,33.0,4007090,EXC
2014-08-29,33.04,33.42,32.98,33.42,3622189,EXC
2014-09-02,33.43,33.46,32.595,32.83,6541801,EXC
2014-09-03,33.03,33.35,32.98,33.26,4442345,EXC
2014-09-04,33.13,33.55,33.05,33.55,8163165,EXC
2014-09-05,33.48,33.89,33.38,33.81,6093163,EXC
2014-09-08,33.81,33.95,33.315,33.44,3519862,EXC
2014-09-09,33.3,33.3,33.011,33.12,4414945,EXC
2014-09-10,33.14,33.15,32.5901,33.04,5686894,EXC
2014-09-11,33.07,33.5,33.04,33.25,4269210,EXC
2014-09-12,33.09,33.16,32.58,32.86,5160166,EXC
2014-09-15,32.9,33.39,32.9,33.23,4612261,EXC
2014-09-16,33.21,33.89,33.09,33.82,4809034,EXC
2014-09-17,33.89,34.0,33.56,33.68,5923191,EXC
2014-09-18,33.63,33.995,33.61,33.78,5933063,EXC
2014-09-19,33.83,34.42,33.8088,34.41,9055148,EXC
2014-09-22,34.24,34.91,34.08,34.29,8712167,EXC
2014-09-23,34.21,34.39,33.95,34.12,6179133,EXC
2014-09-24,34.15,34.165,33.84,33.91,7235091,EXC
2014-09-25,33.91,34.04,33.6,33.6,4063305,EXC
2014-09-26,33.69,33.7849,33.38,33.7,3452019,EXC
2014-09-29,33.54,34.17,33.4,34.11,5267273,EXC
2014-09-30,34.28,34.58,34.01,34.09,6897747,EXC
2014-10-01,34.19,35.35,34.17,34.57,9393880,EXC
2014-10-02,34.47,34.97,34.4,34.73,6402390,EXC
2014-10-03,34.79,34.91,34.35,34.88,3679303,EXC
2014-10-06,34.98,35.035,34.61,34.79,2690409,EXC
2014-10-07,34.7,35.42,34.59,34.76,5998956,EXC
2014-10-08,34.88,35.86,34.81,35.83,7996049,EXC
2014-10-09,35.85,35.98,34.78,34.8,8928818,EXC
2014-10-10,34.96,35.38,34.78,34.83,10466641,EXC
2014-10-13,34.89,35.15,34.09,34.11,8496797,EXC
2014-10-14,34.18,34.885,34.06,34.64,9050774,EXC
2014-10-15,34.82,35.01,33.3,33.93,12154146,EXC
2014-10-16,33.44,34.45,33.07,34.09,8453651,EXC
2014-10-17,34.34,34.76,33.94,34.38,6156787,EXC
2014-10-20,34.35,35.01,34.33,34.99,4413022,EXC
2014-10-21,35.2,35.35,34.67,35.0,5633700,EXC
2014-10-22,34.83,35.4,34.8,34.88,6219075,EXC
2014-10-23,35.04,35.31,34.84,34.88,5655531,EXC
2014-10-24,34.99,35.98,34.92,35.73,6678741,EXC
2014-10-27,35.56,35.89,35.03,35.2,5317288,EXC
2014-10-28,35.33,35.74,35.12,35.74,5821592,EXC
2014-10-29,35.81,35.95,34.87,35.28,6396726,EXC
2014-10-30,35.5,36.79,35.46,36.7,7745380,EXC
2014-10-31,36.89,36.89,36.2,36.59,6733386,EXC
2014-11-03,36.55,36.84,36.18,36.4,5616984,EXC
2014-11-04,36.34,36.6,36.02,36.47,5560868,EXC
2014-11-05,36.77,37.7,36.54,37.52,9276079,EXC
2014-11-06,37.45,37.665,37.03,37.44,9413313,EXC
2014-11-07,37.48,37.9,37.38,37.77,7367813,EXC
2014-11-10,37.7,37.75,37.105,37.6,6093785,EXC
2014-11-11,37.63,37.89,37.43,37.55,4317523,EXC
2014-11-12,37.0,37.0,35.85,35.93,9901037,EXC
2014-11-13,36.12,36.38,35.21,35.36,7854982,EXC
2014-11-14,35.21,35.55,35.18,35.41,6540709,EXC
2014-11-17,35.34,35.87,35.25,35.71,5903489,EXC
2014-11-18,35.82,36.14,35.67,35.79,4759412,EXC
2014-11-19,35.68,36.07,35.41,36.05,5864162,EXC
2014-11-20,36.02,36.08,35.78,35.94,4463663,EXC
2014-11-21,36.29,36.38,35.84,36.25,6310920,EXC
2014-11-24,36.14,36.25,35.2,35.25,6313471,EXC
2014-11-25,35.3,35.35,34.69,35.18,7272961,EXC
2014-11-26,35.34,35.72,35.3,35.69,3625086,EXC
2014-11-28,35.94,36.55,35.68,36.24,6538340,EXC
2014-12-01,35.94,36.55,35.68,36.24,6538340,EXC
2014-12-02,36.24,36.83,36.07,36.7,7609825,EXC
2014-12-03,36.69,36.85,35.81,36.22,6846376,EXC
2014-12-04,36.28,36.58,35.56,35.69,7208038,EXC
2014-12-05,35.27,35.69,35.09,35.59,5929838,EXC
2014-12-08,35.72,35.94,35.44,35.83,6076508,EXC
2014-12-09,35.8,36.58,35.75,36.36,7085554,EXC
2014-12-10,36.41,36.79,35.931,35.94,6630274,EXC
2014-12-11,35.98,36.7,35.94,36.27,6106107,EXC
2014-12-12,36.05,36.46,35.8,35.92,4831994,EXC
2014-12-15,36.11,36.175,35.33,35.51,5024380,EXC
2014-12-16,35.48,36.23,35.23,35.48,4986891,EXC
2014-12-17,35.63,36.9,35.6,36.58,6012883,EXC
2014-12-18,36.7,37.53,36.49,37.53,7032972,EXC
2014-12-19,37.54,37.9,37.17,37.61,11473311,EXC
2014-12-22,37.22,37.45,36.56,37.01,7505378,EXC
2014-12-23,37.14,37.57,36.97,37.24,3387664,EXC
2014-12-24,37.25,38.25,37.25,37.85,4674567,EXC
2014-12-26,37.89,38.65,37.78,38.21,5896684,EXC
2014-12-29,38.19,38.93,38.17,38.63,6681541,EXC
2014-12-30,38.53,38.7,37.87,38.1,5195872,EXC
2014-12-31,38.13,38.25,37.01,37.08,5585569,EXC
2015-01-02,37.34,37.65,37.12,37.57,4975986,EXC
2015-01-05,37.3,37.56,36.21,36.5,8801390,EXC
2015-01-06,36.62,37.13,36.1701,36.22,7603966,EXC
2015-01-07,36.34,36.55,36.08,36.27,7522080,EXC
2015-01-08,36.43,37.14,36.27,36.55,5369338,EXC
2015-01-09,36.92,37.0,36.27,36.49,4250211,EXC
2015-01-12,36.77,36.91,36.2,36.63,5081840,EXC
2015-01-13,36.9,37.23,36.33,36.51,5461049,EXC
2015-01-14,36.29,36.98,36.24,36.92,5926862,EXC
2015-01-15,37.19,37.39,36.8801,37.27,7523011,EXC
2015-01-16,37.2,37.535,37.18,37.38,6242398,EXC
2015-01-20,37.5,37.58,36.79,37.25,6483365,EXC
2015-01-21,37.17,38.02,36.89,37.99,6153902,EXC
2015-01-22,38.22,38.25,37.0,37.25,6754010,EXC
2015-01-23,37.37,37.65,37.32,37.37,3209018,EXC
2015-01-26,37.26,37.42,36.95,37.34,4241286,EXC
2015-01-27,37.25,37.7,37.24,37.41,3790877,EXC
2015-01-28,37.38,37.77,36.97,37.0,3891089,EXC
2015-01-29,37.0,37.245,36.53,37.03,4336795,EXC
2015-01-30,36.72,36.997,36.01,36.04,6645071,EXC
2015-02-02,36.0,36.42,35.71,36.05,7152786,EXC
2015-02-03,36.1,36.985,35.95,36.93,8529580,EXC
2015-02-04,36.78,36.8,36.04,36.19,6137143,EXC
2015-02-05,36.33,36.92,36.05,36.6,5572395,EXC
2015-02-06,36.36,36.44,34.71,35.0,9248215,EXC
2015-02-09,34.98,35.07,34.325,34.48,7266072,EXC
2015-02-10,34.45,35.1,34.28,35.0,9576785,EXC
2015-02-11,34.5,34.54,34.11,34.26,7057152,EXC
2015-02-12,34.32,34.62,33.9,34.44,10372823,EXC
2015-02-13,32.73,34.01,32.61,33.51,15086784,EXC
2015-02-17,33.43,33.58,32.91,33.09,10842373,EXC
2015-02-18,33.1,34.015,33.01,33.9,7284925,EXC
2015-02-19,33.99,34.01,33.23,33.42,5242653,EXC
2015-02-20,33.44,33.55,33.1,33.39,6656605,EXC
2015-02-23,33.46,33.78,33.33,33.78,7384746,EXC
2015-02-24,33.78,34.96,33.67,34.79,8546902,EXC
2015-02-25,34.73,34.92,34.44,34.49,8408945,EXC
2015-02-26,34.62,34.62,33.49,33.96,8003384,EXC
2015-02-27,33.9,34.05,33.69,33.92,5259177,EXC
2015-03-02,33.86,33.92,32.78,32.83,6958463,EXC
2015-03-03,32.97,33.14,32.6,33.02,9019083,EXC
2015-03-04,33.15,33.15,32.55,32.62,6757050,EXC
2015-03-05,33.3,33.3,32.8,32.97,7615509,EXC
2015-03-06,32.5,32.62,32.12,32.27,9210168,EXC
2015-03-09,32.33,32.45,31.77,32.1,5834439,EXC
2015-03-10,32.13,32.61,31.93,32.13,7370839,EXC
2015-03-11,32.27,32.385,31.71,31.83,7506746,EXC
2015-03-12,32.04,32.99,32.04,32.69,7057261,EXC
2015-03-13,32.6,32.6,31.85,32.39,6460437,EXC
2015-03-16,32.56,33.08,32.56,32.69,4362976,EXC
2015-03-17,32.64,33.28,32.4212,32.93,5904264,EXC
2015-03-18,32.87,33.995,32.74,33.72,7968320,EXC
2015-03-19,33.58,34.02,33.07,33.25,6306509,EXC
2015-03-20,33.43,33.82,33.17,33.2,13007859,EXC
2015-03-23,33.25,33.67,33.21,33.36,6028433,EXC
2015-03-24,33.29,33.52,32.9001,33.21,5804328,EXC
2015-03-25,33.23,33.4098,32.75,32.84,6295061,EXC
2015-03-26,32.75,32.96,32.4,32.52,6625570,EXC
2015-03-27,32.66,32.875,32.36,32.43,5915751,EXC
2015-03-30,32.5,33.73,32.44,33.57,10019332,EXC
2015-03-31,33.32,33.72,33.09,33.61,15554273,EXC
2015-04-01,32.62,33.05,32.3,32.85,15764188,EXC
2015-04-02,32.88,33.58,32.88,33.38,7314657,EXC
2015-04-06,33.47,34.08,33.37,33.83,4219849,EXC
2015-04-07,33.81,34.0,33.73,33.8,4823640,EXC
2015-04-08,33.77,33.775,33.34,33.4,6111950,EXC
2015-04-09,33.34,33.55,33.1,33.45,4553761,EXC
2015-04-10,33.51,33.69,33.28,33.38,5221672,EXC
2015-04-13,33.28,33.42,33.065,33.13,5349638,EXC
2015-04-14,33.24,33.51,33.095,33.46,4408322,EXC
2015-04-15,33.55,34.02,33.52,33.67,6227659,EXC
2015-04-16,33.51,33.52,33.05,33.39,5686038,EXC
2015-04-17,33.21,33.5,32.81,32.99,6315539,EXC
2015-04-20,33.14,34.03,33.08,33.66,5495692,EXC
2015-04-21,33.66,33.94,32.99,33.11,5409979,EXC
2015-04-22,33.3,33.41,33.0,33.11,4660760,EXC
2015-04-23,33.12,33.3287,32.95,33.09,6611602,EXC
2015-04-24,33.1,34.35,33.06,34.06,8896494,EXC
2015-04-27,34.1,34.17,33.15,33.37,7503348,EXC
2015-04-28,33.22,33.76,33.116,33.72,5970246,EXC
2015-04-29,33.49,33.97,33.16,33.82,6279149,EXC
2015-04-30,33.81,34.04,33.39,34.02,8962654,EXC
2015-05-01,34.06,34.22,33.7,34.12,4652414,EXC
2015-05-04,34.11,34.98,33.9201,34.81,8522548,EXC
2015-05-05,34.65,34.86,33.83,34.02,5815624,EXC
2015-05-06,34.09,34.16,33.15,33.44,7090157,EXC
2015-05-07,33.49,34.02,33.44,33.83,6089674,EXC
2015-05-08,34.23,34.53,33.745,33.93,5698505,EXC
2015-05-11,33.85,34.16,33.25,33.38,6456598,EXC
2015-05-12,33.29,33.77,32.95,33.65,5837923,EXC
2015-05-13,33.39,33.62,32.95,33.09,4512243,EXC
2015-05-14,33.19,33.57,33.18,33.54,5125253,EXC
2015-05-15,33.69,34.72,33.48,34.5,10690784,EXC
2015-05-18,34.36,34.58,34.2,34.49,4534448,EXC
2015-05-19,34.28,34.75,34.2,34.62,4895041,EXC
2015-05-20,34.6,34.69,34.26,34.33,6592624,EXC
2015-05-21,34.35,34.625,34.2401,34.46,3902586,EXC
2015-05-22,34.35,34.55,34.15,34.4,3515032,EXC
2015-05-26,34.36,34.38,33.6,33.89,5360274,EXC
2015-05-27,33.9,34.1,33.84,33.95,4382769,EXC
2015-05-28,33.95,34.09,33.7,33.95,4866448,EXC
2015-05-29,33.99,34.02,33.58,33.83,5831062,EXC
2015-06-01,34.01,34.22,33.76,33.99,5153000,EXC
2015-06-02,33.77,33.895,33.32,33.73,5356677,EXC
2015-06-03,33.78,33.84,33.32,33.42,7582652,EXC
2015-06-04,33.31,34.03,33.27,33.59,6137740,EXC
2015-06-05,33.35,33.53,33.08,33.43,6446167,EXC
2015-06-08,33.52,33.53,33.04,33.11,5518873,EXC
2015-06-09,33.05,33.29,32.93,33.11,6235247,EXC
2015-06-10,34.05,34.29,33.85,34.18,10598955,EXC
2015-06-11,34.39,34.42,34.05,34.25,5961908,EXC
2015-06-12,34.09,34.31,33.87,33.9,4317344,EXC
2015-06-15,33.74,33.99,33.6,33.81,11695132,EXC
2015-06-16,33.76,34.085,33.59,34.0,3824010,EXC
2015-06-17,34.0,34.31,33.8,34.18,3781416,EXC
2015-06-18,34.21,34.525,34.19,34.26,7200205,EXC
2015-06-19,34.13,34.24,33.5,33.53,9187222,EXC
2015-06-22,33.68,33.74,33.18,33.4,6092723,EXC
2015-06-23,33.26,33.34,32.765,32.8,4739122,EXC
2015-06-24,32.8,32.94,32.68,32.78,9212983,EXC
2015-06-25,32.76,32.76,32.03,32.03,6473733,EXC
2015-06-26,32.08,32.22,31.73,32.11,6203632,EXC
2015-06-29,32.08,32.42,31.79,31.8,4868190,EXC
2015-06-30,31.95,32.12,31.28,31.42,7108098,EXC
2015-07-01,31.51,31.74,31.4401,31.73,4725160,EXC
2015-07-02,31.94,32.33,31.87,32.05,5545808,EXC
2015-07-06,31.95,32.21,31.625,31.94,4672378,EXC
2015-07-07,32.09,32.9,32.08,32.77,7060293,EXC
2015-07-08,32.565,32.89,32.4,32.6,6312679,EXC
2015-07-09,32.67,32.85,32.355,32.5,8915364,EXC
2015-07-10,32.5,32.9,32.4,32.75,7911026,EXC
2015-07-13,32.86,32.94,32.45,32.7,12455359,EXC
2015-07-14,32.78,32.95,32.545,32.77,5996230,EXC
2015-07-15,32.75,32.88,32.51,32.85,2760016,EXC
2015-07-16,32.85,33.7,32.85,33.59,8909703,EXC
2015-07-17,33.59,33.785,33.263,33.49,8497541,EXC
2015-07-20,33.44,33.44,33.09,33.39,4751357,EXC
2015-07-21,33.31,33.36,32.77,32.78,10944361,EXC
2015-07-22,32.79,33.0,32.7,32.78,10607305,EXC
2015-07-23,32.65,32.66,31.08,31.24,17093351,EXC
2015-07-24,31.24,31.47,30.9,30.91,11874852,EXC
2015-07-27,30.9,31.33,30.63,30.63,11910035,EXC
2015-07-28,30.85,31.37,30.78,31.0,15265382,EXC
2015-07-29,31.43,31.735,30.645,31.14,12841203,EXC
2015-07-30,31.12,31.78,31.12,31.65,9999678,EXC
2015-07-31,31.95,32.48,31.88,32.09,8661638,EXC
2015-08-03,32.07,32.58,32.05,32.45,7933362,EXC
2015-08-04,32.46,32.53,31.71,31.75,7201274,EXC
2015-08-05,31.91,32.19,31.71,31.73,5449999,EXC
2015-08-06,31.78,32.04,31.26,31.99,8024973,EXC
2015-08-07,31.91,32.65,31.81,32.44,7886821,EXC
2015-08-10,32.45,32.58,31.96,32.18,5871351,EXC
2015-08-11,32.23,32.54,31.94,32.09,6390271,EXC
2015-08-12,31.84,32.79,31.81,32.69,9580950,EXC
2015-08-13,32.52,32.89,32.17,32.75,5347626,EXC
2015-08-14,32.59,33.16,32.48,33.08,4358244,EXC
2015-08-17,32.95,33.68,32.92,33.41,5618665,EXC
2015-08-18,33.23,33.62,33.035,33.6,6873931,EXC
2015-08-19,33.49,34.275,33.33,34.18,10515579,EXC
2015-08-20,34.0,34.4399,33.75,33.8,7130690,EXC
2015-08-21,33.76,33.95,32.92,33.0,11659811,EXC
2015-08-24,32.66,33.54,32.15,32.64,20428093,EXC
2015-08-25,33.17,33.46,30.37,30.4,26465555,EXC
2015-08-26,31.18,31.83,30.675,31.44,18015977,EXC
2015-08-27,31.66,31.79,31.19,31.72,7495048,EXC
2015-08-28,31.6,31.86,30.93,31.4,7408688,EXC
2015-08-31,31.16,31.2,30.305,30.76,10317629,EXC
2015-09-01,30.41,30.64,29.75,29.96,9394262,EXC
2015-09-02,30.22,30.34,29.83,29.96,8101411,EXC
2015-09-03,30.1,30.35,29.94,30.26,6765350,EXC
2015-09-04,30.0,30.0999,29.59,29.72,5799533,EXC
2015-09-08,30.07,30.33,29.97,30.29,3842826,EXC
2015-09-09,30.34,30.51,29.73,29.79,4512090,EXC
2015-09-10,30.05,30.11,29.64,29.75,6509179,EXC
2015-09-11,29.68,29.83,29.55,29.7,4009060,EXC
2015-09-14,29.89,30.43,29.89,30.16,5358790,EXC
2015-09-15,30.31,30.585,30.1,30.49,5180808,EXC
2015-09-16,30.53,31.12,30.45,31.06,7830703,EXC
2015-09-17,31.05,31.94,30.92,31.57,6882283,EXC
2015-09-18,31.0,31.55,30.87,30.91,9166321,EXC
2015-09-21,30.93,31.2,30.5,30.52,7578590,EXC
2015-09-22,30.48,30.58,28.41,28.46,22482429,EXC
2015-09-23,28.74,29.49,28.46,29.02,14892396,EXC
2015-09-24,28.87,29.235,28.45,29.07,14645156,EXC
2015-09-25,29.38,29.72,29.06,29.5,10390384,EXC
2015-09-28,29.3,29.84,29.08,29.2,9685478,EXC
2015-09-29,29.39,29.56,28.935,29.15,7098249,EXC
2015-09-30,29.35,29.76,29.13,29.7,6715874,EXC
2015-10-01,29.67,29.75,29.06,29.2,7442199,EXC
2015-10-02,29.49,29.82,29.12,29.82,7145541,EXC
2015-10-05,29.99,30.75,29.92,30.3,9407003,EXC
2015-10-06,30.24,30.43,29.87,30.21,7908067,EXC
2015-10-07,30.31,30.519,30.05,30.13,7169169,EXC
2015-10-08,30.07,30.98,29.85,30.88,8113103,EXC
2015-10-09,30.87,31.02,30.65,30.82,7877571,EXC
2015-10-12,30.94,31.365,30.9,31.03,6161339,EXC
2015-10-13,31.01,31.18,30.53,30.59,7265573,EXC
2015-10-14,30.65,30.7,30.23,30.39,9707760,EXC
2015-10-15,30.51,31.15,29.79,30.96,12146337,EXC
2015-10-16,31.09,31.14,30.35,30.46,9455489,EXC
2015-10-19,30.37,30.46,29.96,30.18,7893804,EXC
2015-10-20,30.21,30.71,30.16,30.58,7233680,EXC
2015-10-21,30.63,30.85,30.38,30.46,4608810,EXC
2015-10-22,30.58,31.05,30.53,31.01,5454147,EXC
2015-10-23,30.86,30.91,29.84,29.86,7759329,EXC
2015-10-26,29.87,30.0,28.98,29.17,9366154,EXC
2015-10-27,29.04,29.12,28.4,28.55,7118471,EXC
2015-10-28,28.64,28.97,28.2,28.56,9476355,EXC
2015-10-29,28.46,28.64,27.91,28.59,7659292,EXC
2015-10-30,28.67,29.095,27.71,27.92,13220536,EXC
2015-11-02,27.97,28.43,27.97,28.37,7919852,EXC
2015-11-03,28.36,28.58,28.1,28.51,6290879,EXC
2015-11-04,28.52,29.1,28.46,29.1,10957429,EXC
2015-11-05,29.13,29.21,28.68,28.74,6174547,EXC
2015-11-06,28.35,28.5005,27.73,28.09,9663116,EXC
2015-11-09,28.2,29.21,28.17,28.81,13740924,EXC
2015-11-10,28.55,29.01,28.5,28.74,6872245,EXC
2015-11-11,28.84,28.98,28.68,28.87,6160045,EXC
2015-11-12,28.71,28.98,28.55,28.56,6872767,EXC
2015-11-13,28.57,28.88,28.26,28.34,14599091,EXC
2015-11-16,28.34,28.66,28.27,28.65,7055333,EXC
2015-11-17,28.59,28.81,27.6,27.69,9481241,EXC
2015-11-18,27.7,28.175,27.49,28.12,9515207,EXC
2015-11-19,28.19,28.59,28.11,28.16,5961552,EXC
2015-11-20,28.28,28.49,27.575,28.0,9698192,EXC
2015-11-23,27.98,28.07,27.61,27.67,6351485,EXC
2015-11-24,27.57,27.865,27.4,27.78,8228517,EXC
2015-11-25,27.75,27.82,27.48,27.7,4534686,EXC
2015-11-27,27.75,27.84,27.56,27.62,2248837,EXC
2015-11-30,27.62,27.73,27.28,27.31,8702795,EXC
2015-12-01,27.48,27.875,27.42,27.85,7261867,EXC
2015-12-02,27.75,27.8297,27.26,27.34,6722626,EXC
2015-12-03,27.22,27.48,27.04,27.14,5566795,EXC
2015-12-04,27.34,27.45,26.65,26.71,11246155,EXC
2015-12-07,26.71,26.9,26.28,26.76,9614584,EXC
2015-12-08,26.6,26.7,26.22,26.54,5723210,EXC
2015-12-09,26.38,27.06,26.3148,26.57,5832858,EXC
2015-12-10,26.61,26.75,26.315,26.48,6954845,EXC
2015-12-11,26.26,26.54,25.88,25.94,7303256,EXC
2015-12-14,25.99,26.0101,25.09,25.46,10904651,EXC
2015-12-15,25.5,26.05,25.46,25.65,10699090,EXC
2015-12-16,25.68,26.59,25.625,26.44,11191867,EXC
2015-12-17,26.44,26.79,26.21,26.6,8133295,EXC
2015-12-18,26.5,27.04,26.26,26.9,17123613,EXC
2015-12-21,27.07,27.51,26.84,27.43,9824829,EXC
2015-12-22,27.38,27.62,27.2,27.52,6229681,EXC
2015-12-23,27.53,27.855,27.425,27.79,5226214,EXC
2015-12-24,27.67,27.86,27.65,27.75,1830268,EXC
2015-12-28,27.65,27.82,27.36,27.76,4582523,EXC
2015-12-29,27.91,28.0,27.71,27.95,4773532,EXC
2015-12-30,27.74,27.95,27.5,27.69,4437098,EXC
2015-12-31,27.64,27.85,27.32,27.77,5603876,EXC
2016-01-04,27.48,27.995,27.33,27.97,7318177,EXC
2016-01-05,27.88,28.19,27.42,28.16,5588420,EXC
2016-01-06,27.89,28.28,27.76,28.19,6714469,EXC
2016-01-07,27.82,28.19,27.67,27.84,5509685,EXC
2016-01-08,27.9,27.98,27.445,27.82,7965873,EXC
2016-01-11,27.95,28.36,27.82,28.06,8189794,EXC
2016-01-12,28.18,28.18,27.57,27.94,6827673,EXC
2016-01-13,27.96,28.1601,27.35,27.54,8058348,EXC
2016-01-14,27.53,28.1,27.18,27.91,9442114,EXC
2016-01-15,27.36,27.97,26.96,27.46,10234455,EXC
2016-01-19,27.63,27.93,27.465,27.64,8888294,EXC
2016-01-20,27.41,27.45,26.26,26.78,10755055,EXC
2016-01-21,26.88,27.53,26.58,27.42,9040401,EXC
2016-01-22,27.51,28.09,27.46,28.03,7102640,EXC
2016-01-25,28.0,28.1,27.14,27.16,8437051,EXC
2016-01-26,27.24,28.0,27.22,27.84,6930176,EXC
2016-01-27,27.97,28.42,27.64,28.05,6107432,EXC
2016-01-28,28.06,28.935,27.85,28.71,6801609,EXC
2016-01-29,29.0,29.67,28.96,29.57,11951169,EXC
2016-02-01,29.4,30.11,29.26,30.0,9496263,EXC
2016-02-02,29.7,30.16,29.41,30.14,9865566,EXC
2016-02-03,30.24,31.73,30.15,31.61,15097412,EXC
2016-02-04,31.66,32.42,31.61,32.25,14215689,EXC
2016-02-05,32.46,32.95,32.035,32.9,10945447,EXC
2016-02-08,32.76,33.12,32.11,32.36,10060630,EXC
2016-02-09,32.11,32.396,31.77,31.94,9553501,EXC
2016-02-10,31.0,31.42,30.55,31.12,11043013,EXC
2016-02-11,30.78,31.08,30.0,30.31,9973364,EXC
2016-02-12,30.3,30.62,29.98,30.46,8523670,EXC
2016-02-16,30.79,31.14,30.45,31.02,9254144,EXC
2016-02-17,31.13,31.28,30.74,31.09,7477447,EXC
2016-02-18,31.1,31.64,31.06,31.45,7687226,EXC
2016-02-19,31.32,31.355,30.9422,31.24,7164042,EXC
2016-02-22,31.49,31.73,31.22,31.69,6908504,EXC
2016-02-23,31.09,31.62,31.0,31.19,8711331,EXC
2016-02-24,31.2,31.85,31.08,31.75,8638989,EXC
2016-02-25,31.74,31.98,31.56,31.98,6092633,EXC
2016-02-26,31.86,32.14,31.16,31.73,12901075,EXC
2016-02-29,31.73,32.14,31.45,31.49,9706277,EXC
2016-03-01,31.77,31.96,31.205,31.77,9942295,EXC
2016-03-02,31.61,32.35,30.87,32.32,7379153,EXC
2016-03-03,32.37,33.1,32.02,33.08,9165415,EXC
2016-03-04,32.86,33.63,32.72,33.36,8438621,EXC
2016-03-07,33.48,34.05,33.3,33.92,6904563,EXC
2016-03-08,33.9,34.32,33.39,34.23,8925782,EXC
2016-03-09,34.07,34.36,33.95,34.17,7158600,EXC
2016-03-10,34.25,34.85,34.11,34.73,7670843,EXC
2016-03-11,34.93,34.98,34.44,34.73,5709869,EXC
2016-03-14,34.67,34.87,34.49,34.65,4753128,EXC
2016-03-15,34.51,34.75,34.27,34.5,5020860,EXC
2016-03-16,34.39,34.845,34.04,34.78,4999897,EXC
2016-03-17,34.86,35.0,34.55,34.91,5451458,EXC
2016-03-18,34.98,35.11,34.66,34.84,10125264,EXC
2016-03-21,34.75,35.08,34.67,34.88,5840400,EXC
2016-03-22,34.85,35.2,34.63,35.0,3895816,EXC
2016-03-23,34.98,35.5,34.505,34.72,11565310,EXC
2016-03-24,34.72,35.36,34.35,35.31,6011640,EXC
2016-03-28,35.27,35.49,34.945,35.16,4532635,EXC
2016-03-29,35.24,35.77,34.85,35.69,7564316,EXC
2016-03-30,35.75,35.76,35.41,35.43,4239906,EXC
2016-03-31,35.54,35.95,35.54,35.86,7228537,EXC
2016-04-01,35.74,35.95,35.35,35.66,7634548,EXC
2016-04-04,35.69,35.77,35.4,35.51,4469026,EXC
2016-04-05,35.33,35.34,34.55,34.6,6123967,EXC
2016-04-06,34.5,34.61,34.09,34.31,8075909,EXC
2016-04-07,34.31,34.6,34.23,34.35,4498712,EXC
2016-04-08,34.57,35.04,34.57,34.7,4890247,EXC
2016-04-11,34.72,35.05,34.49,34.54,3712097,EXC
2016-04-12,34.52,35.125,34.415,35.08,6072337,EXC
2016-04-13,35.09,35.09,34.61,34.76,3613869,EXC
2016-04-14,34.76,35.12,34.71,34.94,3804283,EXC
2016-04-15,34.94,34.94,34.36,34.37,10508687,EXC
2016-04-18,34.16,34.53,33.87,34.43,5019978,EXC
2016-04-19,34.59,34.97,34.42,34.8,6451740,EXC
2016-04-20,34.8,34.9,33.75,33.83,4683810,EXC
2016-04-21,33.75,33.83,33.18,33.36,5733710,EXC
2016-04-22,33.57,34.1599,33.53,34.09,4671317,EXC
2016-04-25,33.89,34.23,33.75,34.17,4263729,EXC
2016-04-26,34.31,34.73,34.23,34.62,5578760,EXC
2016-04-27,34.72,35.6,34.69,35.35,5209999,EXC
2016-04-28,35.03,35.52,34.89,35.16,4237930,EXC
2016-04-29,34.89,35.19,34.6,35.09,5352291,EXC
2016-05-02,35.26,35.38,34.82,35.09,3817106,EXC
2016-05-03,35.01,35.185,34.55,34.78,6374347,EXC
2016-05-04,34.76,35.51,34.75,35.26,5857851,EXC
2016-05-05,35.19,35.81,35.14,35.38,6663407,EXC
2016-05-06,35.17,35.945,35.15,35.68,5875972,EXC
2016-05-09,35.68,35.78,35.2,35.25,4962886,EXC
2016-05-10,35.32,35.41,35.041,35.2,5166684,EXC
2016-05-11,34.9,35.41,34.785,35.34,4083975,EXC
2016-05-12,35.33,35.58,34.97,35.46,4991837,EXC
2016-05-13,35.36,35.39,34.79,34.94,3297793,EXC
2016-05-16,34.84,35.0165,34.53,34.72,4656131,EXC
2016-05-17,34.72,34.83,34.14,34.34,4522121,EXC
2016-05-18,34.2,34.32,33.66,33.85,6343835,EXC
2016-05-19,33.6,34.26,33.55,34.18,4812302,EXC
2016-05-20,34.28,34.31,33.98,34.27,3774955,EXC
2016-05-23,34.32,34.39,33.7,33.73,4264248,EXC
2016-05-24,33.71,33.99,33.695,33.99,5451942,EXC
2016-05-25,33.66,34.025,33.27,33.88,7127880,EXC
2016-05-26,33.91,34.3,33.82,34.17,3545972,EXC
2016-05-27,34.21,34.36,34.07,34.33,3248998,EXC
2016-05-31,34.34,34.41,33.96,34.27,6070201,EXC
2016-06-01,34.28,34.49,34.19,34.41,4429807,EXC
2016-06-02,34.3,34.73,34.19,34.72,4468631,EXC
2016-06-03,34.93,35.31,34.91,34.96,6505392,EXC
2016-06-06,35.05,35.25,34.82,35.02,3349204,EXC
2016-06-07,35.08,35.1,34.61,34.72,2934578,EXC
2016-06-08,34.77,35.07,34.69,35.05,2616889,EXC
2016-06-09,35.04,35.2,34.6,35.14,4182036,EXC
2016-06-10,35.05,35.2,34.33,34.6,6099278,EXC
2016-06-13,34.67,34.84,34.4,34.4,3840635,EXC
2016-06-14,34.4,34.44,33.61,33.85,7535282,EXC
2016-06-15,33.91,34.53,33.84,34.19,6146714,EXC
2016-06-16,34.18,34.425,34.03,34.21,3648229,EXC
2016-06-17,34.08,34.65,34.0,34.65,7031862,EXC
2016-06-20,34.74,34.83,34.415,34.44,4645719,EXC
2016-06-21,34.47,34.94,34.23,34.76,3565047,EXC
2016-06-22,34.84,34.88,34.39,34.43,3011527,EXC
2016-06-23,34.56,34.95,34.38,34.95,4466180,EXC
2016-06-24,34.45,35.01,34.17,34.39,9643208,EXC
2016-06-27,34.27,34.705,33.93,34.59,7964402,EXC
2016-06-28,34.72,34.89,34.4,34.88,6935602,EXC
2016-06-29,35.0,35.2493,34.8,35.12,7386937,EXC
2016-06-30,35.21,36.37,34.92,36.36,8834899,EXC
2016-07-01,36.45,36.46,36.05,36.41,4525993,EXC
2016-07-05,36.05,36.325,35.88,36.21,4415922,EXC
2016-07-06,36.22,36.68,35.995,36.63,5411747,EXC
2016-07-07,36.45,36.53,35.58,35.7,4205707,EXC
2016-07-08,35.75,36.14,35.3735,36.11,4925255,EXC
2016-07-11,36.06,36.43,35.77,36.4,4174922,EXC
2016-07-12,36.4,36.68,36.31,36.43,6281773,EXC
2016-07-13,36.6,36.77,36.2701,36.75,5767452,EXC
2016-07-14,36.54,36.67,36.27,36.39,5638435,EXC
2016-07-15,36.47,36.6,36.315,36.49,3234730,EXC
2016-07-18,36.49,36.85,36.38,36.67,4696927,EXC
2016-07-19,36.56,36.65,36.4,36.58,2813852,EXC
2016-07-20,36.55,36.6,36.24,36.25,3166486,EXC
2016-07-21,36.3,36.51,36.25,36.46,5197638,EXC
2016-07-22,36.6,37.46,36.59,37.41,5397343,EXC
2016-07-25,37.33,37.5,37.18,37.5,4605158,EXC
2016-07-26,37.5,37.55,37.0,37.09,2768699,EXC
2016-07-27,36.86,37.02,36.27,36.59,4032275,EXC
2016-07-28,36.56,36.935,36.43,36.86,3151879,EXC
2016-07-29,36.82,37.4,36.7,37.28,4709518,EXC
2016-08-01,37.2,37.7,37.08,37.46,6176351,EXC
2016-08-02,37.24,37.3,36.72,36.78,5497832,EXC
2016-08-03,36.82,36.92,36.43,36.57,4390245,EXC
2016-08-04,36.56,36.81,36.25,36.33,4137896,EXC
2016-08-05,36.3,36.4,36.03,36.14,5256291,EXC
2016-08-08,36.28,36.32,35.98,36.11,5399371,EXC
2016-08-09,36.41,36.48,35.83,35.85,4428260,EXC
2016-08-10,35.99,36.1002,35.13,35.53,7980057,EXC
2016-08-11,35.21,35.42,34.6,34.81,10155503,EXC
2016-08-12,35.1,35.47,34.92,34.94,8397639,EXC
2016-08-15,34.9,35.08,34.62,34.63,4053343,EXC
2016-08-16,34.49,34.6,34.22,34.23,5527415,EXC
2016-08-17,34.19,34.66,33.78,34.58,6249005,EXC
2016-08-18,34.46,34.81,34.33,34.71,6161599,EXC
2016-08-19,34.63,34.65,34.14,34.37,4797401,EXC
2016-08-22,34.49,34.54,34.26,34.43,2267346,EXC
2016-08-23,34.54,34.84,34.54,34.59,4157019,EXC
2016-08-24,34.54,34.79,34.45,34.71,3634883,EXC
2016-08-25,34.72,34.73,34.46,34.51,2706981,EXC
2016-08-26,34.56,34.84,33.88,33.9,3669707,EXC
2016-08-29,34.05,34.2,33.88,34.05,3441506,EXC
2016-08-30,33.98,34.1,33.69,33.81,3169381,EXC
2016-08-31,33.79,34.02,33.61,34.0,3947480,EXC
2016-09-01,33.91,34.02,33.74,33.81,4717413,EXC
2016-09-02,33.78,34.21,33.72,34.07,3300076,EXC
2016-09-06,34.27,34.45,34.22,34.45,3509111,EXC
2016-09-07,34.41,34.66,34.295,34.56,2937237,EXC
2016-09-08,34.49,34.99,34.4584,34.84,3388028,EXC
2016-09-09,34.52,34.55,33.39,33.4,5267154,EXC
2016-09-12,33.35,33.77,33.31,33.63,6809089,EXC
2016-09-13,33.49,33.56,32.86,33.05,5951568,EXC
2016-09-14,33.13,33.455,32.9,33.12,5006427,EXC
2016-09-15,33.04,33.735,33.02,33.65,5018787,EXC
2016-09-16,33.6,33.96,33.37,33.83,7247794,EXC
2016-09-19,33.88,34.21,33.88,34.16,2903255,EXC
2016-09-20,34.25,34.42,33.84,33.91,6034775,EXC
2016-09-21,34.06,34.86,34.01,34.85,5209309,EXC
2016-09-22,34.97,35.27,34.84,35.22,4484009,EXC
2016-09-23,35.17,35.22,34.77,34.8,3946652,EXC
2016-09-26,34.78,34.96,34.61,34.82,3545719,EXC
2016-09-27,34.83,34.97,34.12,34.18,4765713,EXC
2016-09-28,34.24,34.33,33.67,34.01,4405793,EXC
2016-09-29,33.92,33.92,33.1922,33.29,5315208,EXC
2016-09-30,33.49,33.65,33.01,33.29,5529887,EXC
2016-10-03,33.25,33.25,32.57,32.77,5005935,EXC
2016-10-04,32.7,32.71,31.68,31.86,5729058,EXC
2016-10-05,31.93,32.34,31.75,32.13,7851680,EXC
2016-10-06,32.02,32.21,31.77,32.06,3880767,EXC
2016-10-07,32.33,32.6295,32.17,32.18,4578610,EXC
2016-10-10,32.39,32.58,32.205,32.5,2473484,EXC
2016-10-11,32.42,32.55,32.1,32.15,4751385,EXC
2016-10-12,32.21,32.55,32.14,32.51,4362338,EXC
2016-10-13,32.47,33.25,32.43,32.85,6366649,EXC
2016-10-14,32.83,33.19,32.68,32.7,4521006,EXC
2016-10-17,32.8,33.01,32.7,32.75,3133948,EXC
2016-10-18,33.05,33.27,32.55,33.09,3726268,EXC
2016-10-19,33.01,33.1,32.74,32.88,3761266,EXC
2016-10-20,32.94,33.02,32.655,32.84,3584916,EXC
2016-10-21,32.64,32.85,32.391,32.5,3905431,EXC
2016-10-24,32.62,32.75,32.295,32.65,3727665,EXC
2016-10-25,32.5,32.98,32.44,32.9,4430509,EXC
2016-10-26,33.0,33.485,32.67,33.26,5789519,EXC
2016-10-27,33.36,33.55,32.75,33.27,4955953,EXC
2016-10-28,33.29,33.45,33.01,33.23,5195611,EXC
2016-10-31,33.34,34.13,33.34,34.07,7058021,EXC
2016-11-01,34.02,34.06,33.11,33.26,5438596,EXC
2016-11-02,33.16,33.19,32.41,32.7,5310738,EXC
2016-11-03,32.67,32.975,32.51,32.78,3262688,EXC
2016-11-04,32.89,33.14,32.66,32.69,3392769,EXC
2016-11-07,32.98,33.43,32.77,33.42,4440616,EXC
2016-11-08,33.29,33.82,32.39,33.66,4298803,EXC
2016-11-09,32.96,32.96,32.01,32.07,9113328,EXC
2016-11-10,31.65,31.66,29.9599,30.19,16608244,EXC
2016-11-11,30.25,30.61,29.82,30.0,9987675,EXC
2016-11-14,29.9,30.91,29.835,30.77,12622409,EXC
2016-11-15,30.93,32.16,30.93,32.07,12255857,EXC
2016-11-16,32.11,32.18,31.165,31.6,5090677,EXC
2016-11-17,31.43,31.8,31.43,31.49,4103916,EXC
2016-11-18,31.82,32.205,31.555,31.73,6027551,EXC
2016-11-21,31.86,32.48,31.86,32.48,5358349,EXC
2016-11-22,32.43,32.81,32.17,32.46,7001802,EXC
2016-11-23,32.05,32.43,32.0,32.31,4333652,EXC
2016-11-25,32.42,32.87,32.39,32.58,1779125,EXC
2016-11-28,32.74,33.66,32.71,33.39,6831106,EXC
2016-11-29,33.25,33.73,33.24,33.66,6590174,EXC
2016-11-30,33.13,33.26,32.51,32.51,8384126,EXC
2016-12-01,32.32,32.67,31.77,32.17,8699486,EXC
2016-12-02,32.72,33.41,32.67,33.01,7811789,EXC
2016-12-05,33.0,33.385,32.74,33.32,6736401,EXC
2016-12-06,33.59,33.64,32.97,33.05,5639378,EXC
2016-12-07,33.25,33.66,33.25,33.53,5509283,EXC
2016-12-08,33.27,34.2,33.08,34.2,6403196,EXC
2016-12-09,34.14,34.99,34.14,34.9,10118837,EXC
2016-12-12,34.66,35.0,34.34,34.51,6497551,EXC
2016-12-13,34.66,35.48,34.615,35.46,9421846,EXC
2016-12-14,35.6,36.335,34.93,35.09,10511830,EXC
2016-12-15,34.89,35.94,34.76,35.73,9980979,EXC
2016-12-16,35.76,36.36,35.52,35.72,10927021,EXC
2016-12-19,35.86,35.92,35.18,35.75,5033252,EXC
2016-12-20,35.67,35.88,35.38,35.46,5630177,EXC
2016-12-21,35.51,35.72,35.09,35.14,7947777,EXC
2016-12-22,35.3,35.69,35.19,35.31,11759613,EXC
2016-12-23,35.4,35.49,35.09,35.3,4878424,EXC
2016-12-27,35.24,35.57,35.125,35.4,5649734,EXC
2016-12-28,35.46,35.52,35.12,35.2,3460021,EXC
2016-12-29,35.33,35.88,35.28,35.72,4074184,EXC
2016-12-30,35.75,35.81,35.37,35.49,3487420,EXC
2017-01-03,35.67,35.69,34.91,35.19,7296274,EXC
2017-01-04,35.34,35.78,35.26,35.49,6651754,EXC
2017-01-05,35.5,35.65,35.26,35.5,5148930,EXC
2017-01-06,35.39,36.21,35.32,36.08,6322944,EXC
2017-01-09,36.09,36.17,35.25,35.27,4680781,EXC
2017-01-10,35.42,35.49,35.01,35.06,5340534,EXC
2017-01-11,35.2,35.46,35.12,35.39,7248196,EXC
2017-01-12,35.42,35.49,35.22,35.44,3591749,EXC
2017-01-13,35.39,35.64,35.235,35.44,5052922,EXC
2017-01-17,35.55,36.05,35.52,35.88,3931725,EXC
2017-01-18,35.8,35.99,35.6,35.71,3016309,EXC
2017-01-19,35.61,36.05,35.42,35.74,5024610,EXC
2017-01-20,35.78,35.89,35.55,35.8,5318136,EXC
2017-01-23,35.85,35.88,35.24,35.3,3636885,EXC
2017-01-24,35.27,35.405,35.1,35.13,5209127,EXC
2017-01-25,35.34,35.45,35.18,35.35,3905913,EXC
2017-01-26,35.4,35.67,35.15,35.29,4521791,EXC
2017-01-27,35.44,35.53,35.02,35.08,3247216,EXC
2017-01-30,35.14,35.15,34.8,35.04,6187282,EXC
2017-01-31,35.04,35.88,34.99,35.88,8093719,EXC
2017-02-01,35.66,35.81,35.04,35.45,6461018,EXC
2017-02-02,35.44,35.9,35.3601,35.82,3924715,EXC
2017-02-03,35.78,35.91,35.66,35.78,4284494,EXC
2017-02-06,35.89,36.0,35.66,35.81,4029880,EXC
2017-02-07,35.84,36.07,35.76,36.01,3843896,EXC
2017-02-08,35.27,36.3,34.97,35.23,9603845,EXC
2017-02-09,35.15,35.18,34.47,34.85,7608778,EXC
2017-02-10,34.75,35.07,34.7,35.02,7374140,EXC
2017-02-13,34.77,35.22,34.77,35.1,4848784,EXC
2017-02-14,35.44,35.51,34.91,35.36,5540773,EXC
2017-02-15,35.05,35.24,34.85,35.22,4043727,EXC
2017-02-16,35.22,35.44,35.13,35.42,3519095,EXC
2017-02-17,35.46,35.62,35.09,35.58,4962991,EXC
2017-02-21,35.39,36.02,35.25,35.92,4476728,EXC
2017-02-22,35.85,35.92,35.39,35.69,4302347,EXC
2017-02-23,35.83,36.18,35.73,35.98,5224872,EXC
2017-02-24,36.15,37.19,35.95,37.18,8184779,EXC
2017-02-27,37.09,37.1,36.395,36.57,4554701,EXC
2017-02-28,36.47,36.87,36.45,36.71,6048348,EXC
2017-03-01,36.32,36.47,36.01,36.07,4748836,EXC
2017-03-02,35.99,36.63,35.86,36.42,4467944,EXC
2017-03-03,36.41,36.41,35.9121,36.32,3186531,EXC
2017-03-06,36.2,36.295,35.98,36.07,3668195,EXC
2017-03-07,36.19,36.36,36.02,36.13,4397779,EXC
2017-03-08,35.81,35.91,35.51,35.72,3954861,EXC
2017-03-09,35.7,35.98,35.65,35.78,3319207,EXC
2017-03-10,35.95,36.1499,35.72,35.97,3525877,EXC
2017-03-13,35.97,36.07,35.795,35.94,2899338,EXC
2017-03-14,35.87,35.87,35.56,35.64,2925972,EXC
2017-03-15,35.79,36.53,35.7,36.28,5205215,EXC
2017-03-16,36.06,36.23,35.89,35.98,3584464,EXC
2017-03-17,36.065,36.22,35.93,36.01,8375920,EXC
2017-03-20,36.11,36.11,35.44,35.57,3690296,EXC
2017-03-21,35.49,36.14,35.38,35.96,5446071,EXC
2017-03-22,36.1,36.42,36.1,36.3,5441651,EXC
2017-03-23,36.2,36.4439,35.92,35.96,6282744,EXC
2017-03-24,35.88,36.4,35.87,36.12,3605565,EXC
2017-03-27,36.26,36.32,35.66,35.84,2349314,EXC
2017-03-28,35.52,35.69,35.37,35.67,5913161,EXC
2017-03-29,35.7,36.12,35.3,35.93,4624209,EXC
2017-03-30,35.79,35.91,35.49,35.7,4002134,EXC
2017-03-31,35.75,36.43,35.65,35.98,7149268,EXC
2017-04-03,35.95,35.98,35.53,35.82,4660366,EXC
2017-04-04,35.8,36.38,35.72,36.14,5037817,EXC
2017-04-05,35.88,36.16,35.76,36.06,4620945,EXC
2017-04-06,36.0,36.335,35.74,36.27,5709665,EXC
2017-04-07,36.31,36.47,35.93,35.97,6055370,EXC
2017-04-10,36.0,36.0,35.69,35.81,5195889,EXC
2017-04-11,35.75,36.305,35.57,36.14,5238489,EXC
2017-04-12,35.97,36.26,35.76,36.19,4755740,EXC
2017-04-13,36.14,36.19,35.82,35.97,3607320,EXC
2017-04-17,35.98,36.12,35.84,35.9,3149840,EXC
2017-04-18,35.91,36.06,35.715,35.78,4456701,EXC
2017-04-19,35.79,35.87,35.36,35.46,4743741,EXC
2017-04-20,35.38,35.4,34.83,35.05,4361989,EXC
2017-04-21,35.05,35.34,35.01,35.03,4469740,EXC
2017-04-24,35.2,35.62,34.97,35.5,4433549,EXC
2017-04-25,35.34,35.515,34.84,35.08,5341048,EXC
2017-04-26,35.04,35.43,34.9,34.9,4041020,EXC
2017-04-27,34.92,35.175,34.8,34.84,3901630,EXC
2017-04-28,34.84,34.88,34.53,34.63,4112349,EXC
2017-05-01,34.65,34.7,34.21,34.33,4269066,EXC
2017-05-02,34.39,34.53,34.12,34.46,5067810,EXC
2017-05-03,34.59,34.59,33.68,33.98,6640380,EXC
2017-05-04,33.95,34.3,33.88,34.05,7059296,EXC
2017-05-05,34.18,34.54,34.16,34.34,4030105,EXC
2017-05-08,34.38,34.48,34.17,34.26,4791762,EXC
2017-05-09,34.19,34.2,33.57,33.59,5082724,EXC
2017-05-10,33.67,33.79,33.45,33.76,6002489,EXC
2017-05-11,33.46,33.63,33.3,33.5,7576166,EXC
2017-05-12,33.65,34.25,33.5,34.13,6341512,EXC
2017-05-15,34.36,34.83,34.34,34.7,7363356,EXC
2017-05-16,34.61,34.71,34.28,34.51,6011490,EXC
2017-05-17,34.45,34.955,34.43,34.85,7043083,EXC
2017-05-18,34.96,35.33,34.52,35.08,7903097,EXC
2017-05-19,35.16,35.16,34.78,35.06,6212874,EXC
2017-05-22,34.91,35.64,34.91,35.53,5684386,EXC
2017-05-23,35.52,35.59,35.29,35.37,10759814,EXC
2017-05-24,35.45,35.83,35.34,35.81,7918364,EXC
2017-05-25,35.93,36.08,35.7,36.03,4420724,EXC
2017-05-26,36.01,36.08,35.73,35.82,5699892,EXC
2017-05-30,35.72,36.2,35.66,36.06,3836713,EXC
2017-05-31,36.08,36.45,35.98,36.31,6339264,EXC
2017-06-01,36.25,36.74,36.1,36.73,4479546,EXC
2017-06-02,36.8,36.83,36.42,36.6,3311739,EXC
2017-06-05,36.56,36.74,36.38,36.63,4369804,EXC
2017-06-06,36.75,36.86,36.54,36.69,4482759,EXC
2017-06-07,36.68,36.85,36.55,36.61,3950124,EXC
2017-06-08,36.6,36.61,36.245,36.4,4130880,EXC
2017-06-09,36.4,36.68,36.32,36.62,4057913,EXC
2017-06-12,36.66,36.87,36.3922,36.48,5442105,EXC
2017-06-13,36.48,36.6,36.37,36.55,3980724,EXC
2017-06-14,36.79,36.9,36.591,36.69,3140768,EXC
2017-06-15,36.67,36.86,36.51,36.82,3228382,EXC
2017-06-16,36.88,37.12,36.865,37.08,5540407,EXC
2017-06-19,37.14,37.15,36.653,36.84,3879418,EXC
2017-06-20,36.81,37.13,36.69,36.89,3970964,EXC
2017-06-21,36.95,37.13,36.5,36.67,3445128,EXC
2017-06-22,36.61,37.08,36.61,36.66,4253469,EXC
2017-06-23,36.66,36.79,36.45,36.5,4374746,EXC
2017-06-26,36.66,37.44,36.58,37.21,4874561,EXC
2017-06-27,36.96,37.12,36.58,36.76,3978813,EXC
2017-06-28,36.87,36.92,36.13,36.19,4919260,EXC
2017-06-29,35.99,36.23,35.8,35.84,4829240,EXC
2017-06-30,35.92,36.28,35.83,36.07,4505762,EXC
2017-07-03,36.2,36.25,35.59,35.84,2314238,EXC
2017-07-05,35.84,35.97,35.38,35.52,4002960,EXC
2017-07-06,35.44,35.73,35.37,35.68,5980475,EXC
2017-07-07,35.7,35.9,35.5,35.58,4383479,EXC
2017-07-10,35.59,36.01,35.59,35.76,4393236,EXC
2017-07-11,35.82,35.85,35.51,35.72,4268963,EXC
2017-07-12,36.01,36.21,35.9401,36.07,3481538,EXC
2017-07-13,35.97,36.02,35.66,35.72,3468368,EXC
2017-07-14,35.96,36.274,35.94,36.06,3073777,EXC
2017-07-17,36.49,37.06,36.45,37.03,7360173,EXC
2017-07-18,37.05,37.19,36.9101,37.16,4829224,EXC
2017-07-19,37.25,37.41,37.06,37.39,3317967,EXC
2017-07-20,37.45,37.69,37.31,37.6,3379606,EXC
2017-07-21,37.56,37.76,37.32,37.48,4373348,EXC
2017-07-24,37.48,37.49,37.11,37.2,4827922,EXC
2017-07-25,37.27,37.35,36.93,37.02,3904490,EXC
2017-07-26,37.02,37.71,36.953,37.68,4667900,EXC
2017-07-27,37.73,38.04,37.54,37.99,5253671,EXC
2017-07-28,37.97,38.44,37.88,38.4,5686790,EXC
2017-07-31,38.39,38.5,38.24,38.34,8144584,EXC
2017-08-01,38.22,38.37,37.96,38.17,3888697,EXC
2017-08-02,38.19,38.62,37.72,38.42,6033582,EXC
2017-08-03,38.38,38.47,38.185,38.44,3869929,EXC
2017-08-04,38.22,38.37,37.96,38.17,3888697,EXC
2017-08-07,38.15,38.27,38.05,38.22,2558561,EXC
2017-08-08,38.13,38.375,38.03,38.21,3391520,EXC
2017-08-09,38.42,38.48,37.7,37.7,5622888,EXC
2017-08-10,37.71,37.92,37.555,37.74,3928153,EXC
2017-08-11,37.5,37.57,37.25,37.5,3652964,EXC
2017-08-14,37.56,37.63,37.41,37.6,2775252,EXC
2017-08-15,37.4,37.95,37.4,37.84,4521508,EXC
2017-08-16,37.84,38.14,37.785,38.13,4175308,EXC
2017-08-17,38.06,38.185,37.59,37.6,3654219,EXC
2017-08-18,37.57,38.185,37.48,37.99,3853849,EXC
2017-08-21,38.06,38.14,37.84,37.96,3094604,EXC
2017-08-22,37.99,38.27,37.96,38.23,1899469,EXC
2017-08-23,38.2,38.39,38.0691,38.32,2752448,EXC
2017-08-24,38.31,38.51,38.13,38.34,5958665,EXC
2017-08-25,38.49,38.59,38.29,38.3,3193260,EXC
2017-08-28,38.37,38.42,37.98,38.27,3883171,EXC
2017-08-29,38.29,38.44,38.155,38.22,2429776,EXC
2017-08-30,38.22,38.22,37.795,37.84,4002276,EXC
2017-08-31,38.0,38.14,37.82,37.87,6435502,EXC
2017-09-01,37.95,37.96,37.42,37.54,5859462,EXC
2017-09-05,37.59,37.68,37.44,37.6,6423655,EXC
2017-09-06,37.76,37.82,37.48,37.55,5036457,EXC
2017-09-07,37.65,38.1,37.575,38.03,4234716,EXC
2017-09-08,37.97,38.29,37.901,38.17,4466711,EXC
2017-09-11,38.14,38.5,38.04,38.47,3289240,EXC
2017-09-12,38.35,38.45,37.54,37.88,4713606,EXC
2017-09-13,37.91,38.12,37.78,37.8,5369144,EXC
2017-09-14,40.55,40.74,39.61,39.62,4473218,EXC
2017-09-15,38.12,38.4,37.49,37.61,15250725,EXC
2017-09-18,37.59,37.87,37.08,37.4,6811964,EXC
2017-09-19,37.4,37.55,37.03,37.28,5360586,EXC
2017-09-20,37.38,37.38,36.63,36.91,7924549,EXC
2017-09-21,36.9,37.41,36.86,37.15,3446887,EXC
2017-09-22,37.25,37.32,36.93,37.12,3383822,EXC
2017-09-25,37.14,37.66,37.02,37.6,4546787,EXC
2017-09-26,37.52,37.52,37.155,37.17,3971960,EXC
2017-09-27,37.0,37.285,36.88,37.15,5833880,EXC
2017-09-28,37.0,37.61,36.83,37.4,4253414,EXC
2017-09-29,37.48,37.96,37.44,37.67,6891931,EXC
2017-10-02,37.81,38.39,37.65,38.14,8714505,EXC
2017-10-03,38.12,38.14,37.55,37.84,5183193,EXC
2017-10-04,37.85,38.21,37.69,38.19,4971860,EXC
2017-10-05,38.2,38.385,37.99,38.35,5434521,EXC
2017-10-06,38.12,38.25,37.93,38.15,4122048,EXC
2017-10-09,38.16,38.32,37.975,38.04,2484584,EXC
2017-10-10,38.17,38.41,38.01,38.3,2403374,EXC
2017-10-11,37.93,38.5,37.93,38.46,4909203,EXC
2017-10-12,38.4,38.95,38.25,38.94,4733762,EXC
2017-10-13,39.0,39.43,38.92,39.24,6376659,EXC
2017-10-16,39.15,39.74,38.98,39.67,8556000,EXC
2017-10-17,39.56,39.72,39.22,39.6,4238792,EXC
2017-10-18,39.58,39.68,39.35,39.62,2726499,EXC
2017-10-19,39.6,39.88,39.44,39.77,4810929,EXC
2017-10-20,39.75,39.81,39.34,39.58,4235605,EXC
2017-10-23,39.59,39.82,39.385,39.74,3653023,EXC
2017-10-24,39.74,40.0,39.6,39.96,3808619,EXC
2017-10-25,39.87,40.18,39.31,40.06,4692319,EXC
2017-10-26,40.25,40.34,39.87,39.88,3993835,EXC
2017-10-27,39.81,40.325,39.74,40.25,2783561,EXC
2017-10-30,40.07,40.27,39.94,40.24,4885574,EXC
2017-10-31,40.22,40.38,40.1,40.21,3692376,EXC
2017-11-01,40.32,40.36,39.98,40.15,5209993,EXC
2017-11-02,40.1,40.81,39.47,40.72,7794392,EXC
2017-11-03,40.75,41.56,40.56,40.94,5709327,EXC
2017-11-06,40.97,41.14,40.62,40.69,3895554,EXC
2017-11-07,40.73,41.49,40.66,41.27,4183768,EXC
2017-11-08,41.29,41.47,40.84,41.32,3815502,EXC
2017-11-09,41.21,41.54,41.03,41.14,3580308,EXC
2017-11-10,40.86,41.43,40.86,41.3,3881589,EXC
2017-11-13,41.38,42.18,41.3,42.09,5310225,EXC
2017-11-14,41.75,42.455,41.59,42.39,5277986,EXC
2017-11-15,42.46,42.67,41.68,41.77,5777193,EXC
2017-11-16,41.6,41.65,41.11,41.24,6987052,EXC
2017-11-17,41.19,41.36,41.06,41.26,4821277,EXC
2017-11-20,41.32,41.64,41.21,41.35,3799828,EXC
2017-11-21,41.46,41.665,41.34,41.39,3081803,EXC
2017-11-22,41.44,41.55,41.21,41.5,3058883,EXC
2017-11-24,41.5,41.745,41.47,41.63,1432571,EXC
2017-11-27,41.7,41.82,41.46,41.65,4359227,EXC
2017-11-28,41.78,42.11,41.74,41.96,3857257,EXC
2017-11-29,41.83,41.9086,41.485,41.69,4487208,EXC
2017-11-30,41.75,41.96,41.431,41.71,7346092,EXC
2017-12-01,41.89,42.09,41.26,41.83,5908711,EXC
2017-12-04,41.89,42.0,41.42,41.56,4939457,EXC
2017-12-05,41.58,41.71,40.95,41.25,6139685,EXC
2017-12-06,41.48,41.65,40.781,41.12,5384084,EXC
2017-12-07,41.14,41.17,39.55,40.81,6814267,EXC
2017-12-08,40.62,41.07,40.37,41.05,7950218,EXC
2017-12-11,41.09,41.95,41.09,41.92,8716519,EXC
2017-12-12,41.78,41.89,40.96,41.01,7944133,EXC
2017-12-13,41.0,41.49,40.86,41.13,8641586,EXC
2017-12-14,41.065,41.26,40.61,40.81,4694922,EXC
2017-12-15,40.85,41.015,40.68,40.74,9017425,EXC
2017-12-18,40.99,41.08,40.39,40.48,4976653,EXC
2017-12-19,40.55,40.74,39.61,39.62,4474052,EXC
2017-12-20,39.47,39.72,38.97,39.04,6077680,EXC
2017-12-21,38.91,39.36,38.76,39.07,4014729,EXC
2017-12-22,39.18,39.22,38.97,39.01,3529779,EXC
2017-12-26,39.12,39.23,38.78,38.81,2040908,EXC
2017-12-27,38.97,39.02,38.77,38.99,5023533,EXC
2017-12-28,38.93,39.325,38.93,39.3,3743997,EXC
2017-12-29,39.44,39.5,39.25,39.41,3118349,EXC
2018-01-02,39.54,39.69,39.26,39.59,5153123,EXC
2018-01-03,39.37,39.88,38.77,39.06,4814780,EXC
2018-01-04,38.97,39.14,38.49,38.51,4729444,EXC
2018-01-05,38.72,38.83,38.065,38.19,7142138,EXC
2018-01-08,38.28,38.87,38.23,38.6,10782363,EXC
2018-01-09,38.55,38.67,37.74,38.16,7664272,EXC
2018-01-10,38.02,38.3352,37.82,37.95,4914842,EXC
2018-01-11,38.22,38.74,38.05,38.41,7431905,EXC
2018-01-12,38.33,38.59,38.01,38.39,5095182,EXC
2018-01-16,38.47,38.82,38.1,38.47,7737250,EXC
2018-01-17,38.59,39.2,38.55,39.09,5930963,EXC
2018-01-18,39.0,39.08,38.17,38.59,7048419,EXC
2018-01-19,38.75,38.8,37.9,37.97,8464712,EXC
2018-01-22,38.22,38.63,37.925,38.05,9460781,EXC
2018-01-23,38.42,38.94,38.32,38.53,6438444,EXC
2018-01-24,38.47,38.52,38.12,38.21,5488693,EXC
2018-01-25,38.34,38.77,38.2545,38.68,6889741,EXC
2018-01-26,38.85,38.95,38.44,38.86,7514717,EXC
2018-01-29,38.71,38.71,38.16,38.33,4653977,EXC
2018-01-30,38.33,38.62,38.09,38.29,4606868,EXC
2018-01-31,38.3,38.59,38.1,38.51,10075663,EXC
2018-02-01,38.53,38.71,37.765,37.84,4895147,EXC
2018-02-02,37.75,38.15,37.64,37.72,5533555,EXC
2018-02-05,37.72,38.07,36.8343,36.92,7002333,EXC
2018-02-06,36.51,36.82,35.57,36.47,12572976,EXC
2018-02-07,36.47,37.69,36.09,36.15,8553380,EXC
