Date,Close,High,Low,Open,Volume
2010-01-01,68.19,68.86,68.11,68.84,0
2010-01-04,69.15,69.26,68.19,68.72,27811317
2010-01-05,69.42,69.45,68.8,69.19,30178588
2010-01-06,70.02,70.6,69.34,69.45,35047453
2010-01-07,69.8,70.06,69.415,69.9,27194133
2010-01-08,69.52,69.75,69.22,69.69,24899483
2010-01-11,70.3,70.52,69.65,69.94,30684918
2010-01-12,69.95,69.99,69.52,69.72,31497632
2010-01-13,69.67,70.04,69.26,69.96,24884989
2010-01-14,69.68,69.74,69.35,69.54,18637842
2010-01-15,69.11,69.69,68.65,69.65,29412819
2010-01-18,69.11,69.69,68.65,69.65,0
2010-01-19,69.27,69.35,68.42,68.74,26088332
2010-01-20,68.03,68.66,67.9325,68.56,34630618
2010-01-21,66.7,68.15,66.5,68.12,39118683
2010-01-22,66.1,67.14,66.0,66.52,39088370
2010-01-25,65.85,66.76,65.69,66.55,29305091
2010-01-26,65.92,66.74,65.5,65.64,34084385
2010-01-27,65.54,66.06,65.0,65.66,35726238
2010-01-28,64.96,65.85,64.57,65.85,37364541
2010-01-29,64.43,65.82,64.02,65.15,40880436
2010-02-01,66.18,66.41,65.35,65.77,37702998
2010-02-02,66.96,67.12,66.47,66.73,34063219
2010-02-03,66.6,67.23,66.56,66.88,24024762
2010-02-04,64.72,66.35,64.68,66.27,33866320
2010-02-05,64.8,64.9,63.56,64.7,42300718
2010-02-08,64.35,65.49,64.34,64.91,30520990
2010-02-09,65.2,65.71,64.56,65.11,36245594
2010-02-10,64.85,65.22,64.16,65.08,21701648
2010-02-11,65.24,65.48,64.41,64.69,23559461
2010-02-12,64.8,65.14,64.28,64.62,30637063
2010-02-15,64.8,65.14,64.28,64.62,0
2010-02-16,66.28,66.38,65.08,65.57,30518369
2010-02-17,65.76,66.45,65.57,66.45,21822728
2010-02-18,65.96,66.09,65.35,65.87,22544027
2010-02-19,65.87,66.24,65.43,65.57,24265699
2010-02-22,65.4,66.12,65.25,66.0,20469690
2010-02-23,64.94,65.56,64.15,65.2,33377387
2010-02-24,65.55,65.8667,64.77,65.04,21470256
2010-02-25,65.14,65.17,64.37,64.65,25669106
2010-02-26,65.0,65.4,64.92,65.34,20130426
2010-03-01,65.4,65.54,65.09,65.43,18798703
2010-03-02,65.49,65.79,65.15,65.69,24828346
2010-03-03,65.43,65.97,65.38,65.71,22285015
2010-03-04,65.4,65.63,65.08,65.32,21963424
2010-03-05,66.47,66.52,65.78,65.93,26838550
2010-03-08,66.48,66.79,66.23,66.73,20300114
2010-03-09,66.78,67.19,66.22,66.3,29003049
2010-03-10,67.22,67.415,66.78,67.18,24811706
2010-03-11,67.22,67.56,66.98,67.46,19372504
2010-03-12,66.8,67.58,66.5,67.53,23362873
2010-03-15,66.3,66.69,65.9,66.65,22073716
2010-03-16,66.57,66.68,66.0,66.52,35111736
2010-03-17,67.36,67.79,66.8,66.91,38776080
2010-03-18,67.39,67.74,67.01,67.55,25928530
2010-03-19,67.04,67.89,66.43,67.84,45150212
2010-03-22,66.97,67.2,66.32,66.53,21393094
2010-03-23,66.95,66.98,66.45,66.97,24754605
2010-03-24,66.5,66.86,66.23,66.58,19754745
2010-03-25,66.3,66.92,66.24,66.85,21100295
2010-03-26,66.54,66.88,66.17,66.5,30554822
2010-03-29,67.3,67.48,66.59,66.65,26128213
2010-03-30,67.05,67.3,66.79,67.23,17748463
2010-03-31,66.98,67.19,66.6,66.89,22354369
2010-04-01,67.61,67.8,67.19,67.19,19619230
2010-04-02,67.61,67.8,67.19,67.19,0
2010-04-05,68.19,68.36,67.72,67.88,20902588
2010-04-06,67.9,68.35,67.8,68.01,19776941
2010-04-07,67.34,67.85,66.97,67.81,24531963
2010-04-08,67.86,68.225,66.85,67.0,24063661
2010-04-09,68.76,68.98,68.07,68.1,21099708
2010-04-12,68.71,69.05,68.58,68.8,18154358
2010-04-13,68.66,68.76,68.07,68.47,19143382
2010-04-14,68.61,68.82,68.36,68.69,18787345
2010-04-15,68.26,68.72,68.15,68.41,16718495
2010-04-16,67.93,68.7,67.71,68.13,33866172
2010-04-19,68.23,68.44,67.57,67.77,25687205
2010-04-20,68.97,69.22,68.5,68.6,22989638
2010-04-21,68.92,69.43,68.57,68.92,21120238
2010-04-22,68.56,68.73,68.22,68.5,21654624
2010-04-23,69.24,69.27,68.18,68.46,24341369
2010-04-26,69.29,69.53,68.93,69.0,18238856
2010-04-27,68.27,70.0,68.2,69.02,36376938
2010-04-28,69.19,69.54,68.61,68.9,33248148
2010-04-29,68.66,69.66,68.24,68.4,47204018
2010-04-30,67.77,69.31,67.73,68.96,43762028
2010-05-03,67.84,68.22,67.18,68.11,30740278
2010-05-04,66.47,67.26,66.0,67.1,31646810
2010-05-05,66.17,66.94,65.83,66.01,30262475
2010-05-06,63.89,66.23,58.46,65.9,58336263
2010-05-07,63.7,64.92,63.23,64.5,69010820
2010-05-10,65.23,65.75,64.52,65.37,38337509
2010-05-11,64.46,65.0,64.23,64.64,29802309
2010-05-12,64.91,65.34,64.5,64.5,25390811
2010-05-13,64.74,65.27,64.32,64.84,26794346
2010-05-14,63.6,64.73,62.91,64.5,38815331
2010-05-17,63.27,63.88,62.26,63.81,31928915
2010-05-18,62.79,64.27,62.42,64.1,34467570
2010-05-19,62.45,62.94,62.0,62.46,36725938
2010-05-20,60.33,61.68,60.21,61.5,57201198
2010-05-21,60.88,60.95,59.16,59.21,52809163
2010-05-24,60.19,61.0,60.13,60.69,27873507
2010-05-25,59.71,59.78,58.46,59.0,50541737
2010-05-26,59.31,60.46,59.12,60.08,34031879
2010-05-27,61.46,61.55,60.1,60.5,31913643
2010-05-28,60.46,61.67,60.28,61.19,32081293
2010-05-31,60.46,61.67,60.28,61.19,0
2010-06-01,59.25,60.86,59.14,60.3,32977399
2010-06-02,60.77,60.8,59.233,59.6,28670754
2010-06-03,61.56,62.01,60.6,61.25,32385588
2010-06-04,59.525,61.05,59.2895,60.77,45019194
2010-06-07,59.3,60.41,59.2,59.98,28391757
2010-06-08,61.24,61.44,59.38,59.65,48460641
2010-06-09,60.03,61.6,59.82,61.59,31693111
2010-06-10,61.89,62.0,61.16,61.42,33020032
2010-06-11,61.86,61.92,61.18,61.7,21228425
2010-06-14,61.37,62.46,61.32,62.1,24667871
2010-06-15,62.51,62.57,61.49,61.93,24534067
2010-06-16,62.51,62.62,61.9,61.94,20654228
2010-06-17,62.6,62.7,61.95,62.42,23311211
2010-06-18,63.1,63.37,62.4,62.77,32749226
2010-06-21,63.13,64.5,62.85,64.16,24878330
2010-06-22,61.94,63.2,61.79,63.18,26148097
2010-06-23,61.1,62.26,60.9,61.71,38059717
2010-06-24,60.07,61.2,59.87,60.85,34188932
2010-06-25,59.1,60.24,59.1,60.14,118023466
2010-06-28,58.47,59.39,58.47,59.28,43023951
2010-06-29,57.29,58.09,57.0,58.0,52536867
2010-06-30,57.07,57.73,56.92,57.33,43944855
2010-07-01,56.61,57.27,56.17,56.98,47753899
2010-07-02,56.57,56.99,55.94,56.85,32767899
2010-07-05,56.57,56.99,55.94,56.85,0
2010-07-06,57.46,57.59,56.77,57.17,36915138
2010-07-07,58.43,58.45,57.26,57.37,41797119
2010-07-08,58.81,59.2,58.13,59.13,40434594
2010-07-09,58.78,59.01,58.3,58.76,25978679
2010-07-12,58.94,58.94,58.2,58.29,23516457
2010-07-13,59.42,59.72,59.04,59.6,30514190
2010-07-14,59.26,59.34,58.62,59.22,26063778
2010-07-15,59.27,59.49,58.59,59.36,24741781
2010-07-16,57.96,59.11,57.81,58.84,35805631
2010-07-19,58.43,58.74,58.1,58.33,20959968
2010-07-20,58.95,58.99,57.67,57.68,23810042
2010-07-21,58.17,59.13,57.6,59.13,26859671
2010-07-22,59.38,59.79,58.66,58.71,27052368
2010-07-23,59.72,59.81,58.8,59.26,19285325
2010-07-26,60.39,60.44,59.63,59.7,20226625
2010-07-27,60.81,60.9,60.39,60.62,22401463
2010-07-28,60.91,61.27,60.73,60.73,23511008
2010-07-29,60.34,61.88,60.29,61.42,33770732
2010-07-30,59.68,60.51,59.5978,60.15,29367893
2010-08-02,61.94,62.04,60.61,60.64,28144151
2010-08-03,62.72,62.99,61.88,61.98,31075733
2010-08-04,62.72,62.89,62.27,62.86,21034372
2010-08-05,62.71,62.71,61.85,62.28,19990713
2010-08-06,61.97,62.5,61.25,61.92,23097793
2010-08-09,62.45,62.67,62.18,62.56,14736900
2010-08-10,61.93,62.17,61.45,61.85,23198153
2010-08-11,60.39,60.66,60.2,60.55,24281236
2010-08-12,60.23,60.56,59.56,59.7,16958863
2010-08-13,59.91,60.45,59.8,59.96,14656220
2010-08-16,59.88,60.25,59.25,59.6,14309745
2010-08-17,60.82,61.16,60.14,60.49,20130165
2010-08-18,60.15,60.72,59.63,60.67,20076306
2010-08-19,59.29,60.06,58.9,59.93,21176964
2010-08-20,58.89,59.07,58.55,59.02,21013035
2010-08-23,59.5,60.05,58.9,58.97,21340835
2010-08-24,58.94,59.45,58.79,58.96,25686357
2010-08-25,58.91,59.4,58.42,58.69,20967929
2010-08-26,58.48,59.5,58.33,59.36,22332780
2010-08-27,59.8,59.96,58.05,58.72,27752958
2010-08-30,59.0,59.9,58.96,59.56,16265028
2010-08-31,59.11,59.54,58.5,58.75,26985521
2010-09-01,60.91,60.96,59.72,60.04,26286171
2010-09-02,61.06,61.06,60.3675,60.5,18664159
2010-09-03,61.32,61.6,60.75,61.26,21984887
2010-09-06,61.32,61.6,60.75,61.26,0
2010-09-07,60.55,61.07,60.45,60.89,19441382
2010-09-08,60.75,61.26,60.63,60.71,17380593
2010-09-09,61.05,61.59,60.91,61.48,16526781
2010-09-10,61.2,61.48,60.95,61.38,14489442
2010-09-13,61.0,61.52,60.54,61.39,23149149
2010-09-14,61.01,61.34,60.75,60.84,17987240
2010-09-15,61.0,61.03,60.36,60.77,18769862
2010-09-16,60.97,60.99,60.45,60.85,16437214
2010-09-17,60.78,61.3,60.63,61.19,26447341
2010-09-20,61.55,61.82,60.95,61.04,21799139
2010-09-21,61.54,61.9,61.25,61.65,20533117
2010-09-22,61.45,62.0,61.41,61.56,18203575
2010-09-23,61.15,61.57,60.9,60.99,18099479
2010-09-24,61.75,62.13,61.36,61.51,25145291
2010-09-27,61.71,62.0768,61.68,61.99,16642792
2010-09-28,62.06,62.26,61.27,61.63,18809447
2010-09-29,61.59,62.02,61.27,61.77,21160880
2010-09-30,61.79,62.44,61.47,61.95,25463704
2010-10-01,62.54,62.58,61.8,62.32,24167036
2010-10-04,62.19,62.73,61.84,62.52,16902426
2010-10-05,63.26,63.4,62.43,62.59,25185343
2010-10-06,63.94,63.94,63.18,63.18,21649010
2010-10-07,63.85,64.0,63.37,63.96,19468715
2010-10-08,64.38,64.53,63.63,63.81,22379198
2010-10-11,64.55,64.81,64.31,64.36,13856352
2010-10-12,64.7,64.885,63.93,64.31,20733832
2010-10-13,65.04,65.2917,64.57,64.84,22561978
2010-10-14,65.3,65.45,64.87,65.05,17790924
2010-10-15,65.19,65.65,64.82,65.64,25505400
2010-10-18,66.28,66.54,65.03,65.19,22491252
2010-10-19,65.12,66.0401,64.5901,65.59,25375441
2010-10-20,66.01,66.395,65.35,65.47,20543865
2010-10-21,66.32,66.8,65.65,66.29,21291119
2010-10-22,66.34,66.55,66.13,66.51,13333095
2010-10-25,66.2,66.81,66.16,66.68,16516998
2010-10-26,66.53,66.57,65.81,65.96,17652860
2010-10-27,65.67,65.99,65.085,65.95,23358891
2010-10-28,66.22,66.7,66.05,66.43,20464114
2010-10-29,66.49,66.56,65.99,66.1,19270797
2010-11-01,66.95,67.21,66.6299,66.72,22372619
2010-11-02,67.84,68.25,67.21,67.32,26192106
2010-11-03,67.97,68.27,67.32,68.23,26553038
2010-11-04,69.38,69.6009,68.29,68.4,31222571
2010-11-05,70.0,70.0,69.4,69.44,26531693
2010-11-08,70.32,70.42,69.46,69.49,21472924
2010-11-09,70.63,71.11,70.1018,70.29,33938074
2010-11-10,71.13,71.16,70.15,70.96,25482316
2010-11-11,71.83,71.9,70.73,71.0,23791315
2010-11-12,70.99,71.4,70.43,71.38,24598037
2010-11-15,70.48,71.22,70.44,71.01,18779516
2010-11-16,68.94,69.82,68.56,69.62,27595023
2010-11-17,69.01,69.38,68.56,68.84,17471797
2010-11-18,70.31,70.39,69.64,69.65,18325184
2010-11-19,70.54,70.59,69.36,70.2,24116323
2010-11-22,70.19,70.3,68.79,70.1,18907872
2010-11-23,68.98,69.15,68.32,68.8,22671933
2010-11-24,69.88,70.0,69.19,69.25,19351014
2010-11-25,69.88,70.0,69.19,69.25,0
2010-11-26,69.23,69.43,68.9,69.3,7324730
2010-11-29,69.45,69.64,68.3,68.86,20025288
2010-11-30,69.56,69.75,68.32,68.55,27524237
2010-12-01,71.33,71.551,70.38,70.38,26590176
2010-12-02,71.48,71.658,70.95,71.19,21281287
2010-12-03,71.19,71.3,70.89,71.01,19459166
2010-12-06,71.31,71.6,71.06,71.2,15986720
2010-12-07,71.46,72.18,71.42,71.91,23698968
2010-12-08,71.85,72.22,71.48,71.87,22662482
2010-12-09,72.0,72.14,71.3262,72.0503,17972740
2010-12-10,72.18,72.18,71.62,72.18,17699487
2010-12-13,72.36,72.75,72.065,72.41,21172270
2010-12-14,72.18,72.5,71.93,72.23,20627826
2010-12-15,71.85,72.31,71.79,71.87,20978946
2010-12-16,72.22,72.33,71.57,71.92,18515746
2010-12-17,72.17,72.39,71.78,72.11,36761219
2010-12-20,72.22,72.5,71.88,72.24,16045718
2010-12-21,72.72,72.97,72.23,72.43,21773676
2010-12-22,72.8,73.0,72.65,72.94,14609743
2010-12-23,73.2,73.2,72.83,72.94,11391629
2010-12-24,73.2,73.2,72.83,72.94,0
2010-12-27,73.01,73.3,72.81,72.81,9758569
2010-12-28,73.42,73.56,72.96,73.2,14424071
2010-12-29,73.37,73.69,73.34,73.41,11798948
2010-12-30,73.36,73.51,73.05,73.29,10791277
2010-12-31,73.12,73.51,73.02,73.16,15273710
2011-01-03,74.55,74.79,73.64,73.72,23325252
2011-01-04,74.9,74.95,74.42,74.71,20037342
2011-01-05,74.7,74.87,74.14,74.67,16550798
2011-01-06,75.18,75.43,74.67,74.9,22527833
2011-01-07,75.59,75.9,75.09,75.21,19299708
2011-01-10,75.13,75.27,74.58,75.13,20767730
2011-01-11,75.69,75.86,75.02,75.02,15806017
2011-01-12,76.58,76.62,75.67,75.94,17364367
2011-01-13,76.71,76.82,75.98,76.65,20438772
2011-01-14,77.84,78.0,76.5,76.67,23478852
2011-01-17,77.84,78.0,76.5,76.67,0
2011-01-18,78.71,78.85,77.72,77.79,23883532
2011-01-19,78.24,78.93,78.13,78.63,21844004
2011-01-20,77.75,78.16,76.77,77.98,29121514
2011-01-21,78.98,79.1,78.06,78.21,25092137
2011-01-24,78.59,79.18,78.09,78.85,24875061
2011-01-25,78.68,78.99,77.93,78.22,21635463
2011-01-26,79.66,79.86,78.49,78.71,25555308
2011-01-27,79.88,79.98,79.34,79.84,17007675
2011-01-28,78.99,79.89,78.87,79.7791,26303310
2011-01-31,80.68,80.82,79.01,79.92,34514377
2011-02-01,83.91,83.96,81.04,81.14,40837231
2011-02-02,83.41,83.98,83.26,83.59,18177743
2011-02-03,83.44,83.55,82.46,83.06,19654358
2011-02-04,83.28,83.52,82.85,83.25,16559987
2011-02-07,83.93,84.0,83.36,83.45,15309946
2011-02-08,82.98,83.65,82.64,83.5,17472176
2011-02-09,82.55,82.78,81.77,82.44,15899703
2011-02-10,83.2,83.31,81.61,81.68,21050429
2011-02-11,82.82,83.41,82.23,82.23,16001175
2011-02-14,84.91,85.11,81.89,82.07,33108244
2011-02-15,82.97,84.89,82.67,84.79,25689380
2011-02-16,83.69,83.86,82.86,83.06,16673424
2011-02-17,83.88,83.97,83.05,83.97,17854514
2011-02-18,84.5,84.5,83.5,83.91,22839783
2011-02-21,84.5,84.5,83.5,83.91,0
2011-02-22,85.44,86.7,84.73,84.97,32584373
2011-02-23,87.07,88.23,85.47,86.0,38624981
2011-02-24,85.97,87.53,85.46,87.2,28578196
2011-02-25,85.34,86.24,85.29,85.79,22230854
2011-02-28,85.53,86.56,85.49,85.87,24509993
2011-03-01,84.8,86.5,84.7,86.41,23003246
2011-03-02,85.08,85.32,83.55,84.59,17425638
2011-03-03,85.82,85.95,85.05,85.46,17154026
2011-03-04,85.08,86.0,84.7,85.92,20041257
2011-03-07,84.72,86.08,84.69,85.84,18072705
2011-03-08,84.6,85.11,83.75,84.6,17672775
2011-03-09,84.38,84.55,83.56,84.12,13304769
2011-03-10,81.38,83.8,81.2,83.8,26059894
2011-03-11,82.12,82.91,80.1,81.02,17617743
2011-03-14,82.38,82.64,81.46,81.67,16396166
2011-03-15,81.39,82.09,79.75,80.17,23207812
2011-03-16,79.31,81.81,78.8,81.23,33429071
2011-03-17,81.16,81.5,80.23,80.38,21954285
2011-03-18,80.85,82.33,80.85,81.77,28929425
2011-03-21,82.84,83.33,81.86,81.87,18212683
2011-03-22,82.56,83.23,82.33,83.1,16228330
2011-03-23,82.6,83.0,82.0,82.65,15396556
2011-03-24,82.73,83.47,82.55,82.78,17022783
2011-03-25,83.62,83.93,82.82,82.99,16504164
2011-03-28,83.47,84.01,83.45,83.86,14612528
2011-03-29,83.25,83.89,82.61,83.16,16289034
2011-03-30,84.49,84.86,83.51,83.8,15779236
2011-03-31,84.13,84.94,84.11,84.82,15330262
2011-04-01,84.68,84.84,84.17,84.72,15558251
2011-04-04,84.87,84.93,84.07,84.26,13100750
2011-04-05,85.42,85.94,84.56,84.68,17140055
2011-04-06,85.18,85.885,84.96,85.73,13343275
2011-04-07,85.76,85.79,84.91,85.16,16031492
2011-04-08,85.95,86.22,85.36,86.0,15951018
2011-04-11,85.16,86.15,84.78,85.95,13037423
2011-04-12,83.18,84.25,82.67,84.24,20766478
2011-04-13,83.16,83.95,82.56,83.58,14495905
2011-04-14,83.44,83.8425,82.38,82.38,15722482
2011-04-15,84.29,84.4725,83.36,83.8,17033856
2011-04-18,83.1,84.0,82.44,83.11,15119091
2011-04-19,83.8,83.99,82.97,82.97,12782397
2011-04-20,85.65,85.68,84.87,85.05,15477220
2011-04-21,86.36,86.43,85.56,85.765,12813789
2011-04-22,86.36,86.43,85.56,85.765,0
2011-04-25,86.22,86.5,85.89,86.29,9855314
2011-04-26,87.42,87.48,86.26,86.43,17913410
2011-04-27,87.78,87.9,86.29,87.48,17760910
2011-04-28,87.34,87.5,86.53,87.03,18712306
2011-04-29,87.98,88.0,87.03,87.43,17354928
2011-05-02,86.97,88.13,86.47,88.1,18652135
2011-05-03,85.62,86.78,85.04,86.59,18421876
2011-05-04,84.81,85.6,83.91,85.19,22881094
2011-05-05,82.62,83.99,81.59,83.52,27514947
2011-05-06,82.69,84.1,81.85,83.27,26335804
2011-05-09,83.18,83.72,82.16,83.01,18266302
2011-05-10,83.34,83.76,82.5,83.08,17698064
2011-05-11,81.12,82.6892,80.44,82.51,24199130
2011-05-12,81.05,81.59,79.42,80.62,21872286
2011-05-13,80.87,81.77,80.22,81.29,17642318
2011-05-16,80.24,81.27,80.12,80.22,16442393
2011-05-17,80.41,80.79,79.6,79.99,18100507
2011-05-18,81.74,82.27,80.43,80.88,17959973
2011-05-19,82.33,82.58,81.34,82.27,15248767
2011-05-20,81.57,82.25,80.9,81.98,19007180
2011-05-23,80.67,81.01,80.07,80.22,16300481
2011-05-24,81.29,82.12,80.94,81.05,15687292
2011-05-25,81.96,82.53,80.84,80.97,19354368
2011-05-26,82.39,82.57,81.19,81.6,16888713
2011-05-27,82.63,83.13,82.15,82.74,11949430
2011-05-30,82.63,83.13,82.15,82.74,0
2011-05-31,83.47,83.75,82.72,83.28,23630699
2011-06-01,82.03,83.65,81.76,83.55,19551908
2011-06-02,81.33,82.32,80.65,81.77,18152513
2011-06-03,81.18,81.79,80.18,80.24,17281175
2011-06-06,80.29,81.19,80.08,80.93,15954218
2011-06-07,80.0,81.09,79.97,80.61,16217869
2011-06-08,80.76,81.87,80.52,80.61,23573713
2011-06-09,81.18,81.68,80.96,81.24,17665482
2011-06-10,79.78,80.95,79.72,80.95,18969562
2011-06-13,79.23,80.6,78.84,80.0,17854447
2011-06-14,80.38,80.82,79.94,80.05,16444883
2011-06-15,78.66,79.89,78.37,79.53,21714147
2011-06-16,79.22,79.51,78.33,78.59,19039819
2011-06-17,79.02,79.95,78.69,79.85,25468103
2011-06-20,79.71,79.95,78.62,78.65,15838570
2011-06-21,80.57,81.12,80.01,80.23,17898026
2011-06-22,79.82,80.67,79.57,80.16,18613077
2011-06-23,78.44,78.75,77.23,78.74,30036372
2011-06-24,76.78,78.63,76.78,78.55,36293746
2011-06-27,77.92,78.48,76.72,76.88,20610217
2011-06-28,79.63,79.66,78.38,78.57,18421985
2011-06-29,80.25,80.5,79.22,79.85,18900370
2011-06-30,81.38,81.41,80.27,80.39,19946073
2011-07-01,82.01,82.09,80.59,81.19,18050089
2011-07-04,82.01,82.09,80.59,81.19,0
2011-07-05,81.6,82.12,81.258,81.3,18859257
2011-07-06,81.57,81.66,80.85,81.4,15042826
2011-07-07,82.36,82.6,81.87,82.27,18379424
2011-07-08,82.42,82.53,81.465,81.58,18336485
2011-07-11,81.9,82.11,81.12,81.3,20717110
2011-07-12,81.89,83.01,81.5,81.51,22639854
2011-07-13,82.48,83.46,82.08,82.27,19017887
2011-07-14,82.24,83.11,82.09,83.05,19416200
2011-07-15,83.0,83.09,82.26,82.42,22711320
2011-07-18,82.65,82.85,82.08,82.29,17343453
2011-07-19,83.63,83.76,82.8,82.9,16425652
2011-07-20,83.3,83.89,83.17,83.84,12809387
2011-07-21,85.02,85.24,83.75,83.86,21365332
2011-07-22,85.22,85.41,84.54,85.2,13153877
2011-07-25,84.57,85.13,84.2,84.2,14016567
2011-07-26,84.37,85.1,84.0401,84.67,16226875
2011-07-27,83.31,84.25,83.24,83.79,19826095
2011-07-28,81.46,82.45,81.15,81.74,24557560
2011-07-29,79.79,80.88,79.76,80.79,26610158
2011-08-01,79.6,81.18,78.74,80.82,22868678
2011-08-02,77.84,79.61,77.82,78.9,28410429
2011-08-03,77.72,78.1,76.46,77.94,28373318
2011-08-04,73.84,77.13,73.51,76.68,42632521
2011-08-05,74.82,75.795,72.07,75.01,47168144
2011-08-08,70.19,73.44,69.9,72.74,58863905
2011-08-09,71.64,71.87,67.03,70.79,61753245
2011-08-10,68.03,70.99,67.46,70.74,47763638
2011-08-11,71.58,72.402,68.63,68.81,50331835
2011-08-12,72.0,73.1,71.6,72.36,31129042
2011-08-15,74.29,74.375,72.75,73.04,23389343
2011-08-16,73.5,74.34,72.83,73.35,26343629
2011-08-17,74.16,74.75,73.5,74.29,18269756
2011-08-18,70.94,72.79,70.21,72.41,34700881
2011-08-19,69.8,71.98,69.67,70.07,34936465
2011-08-22,70.18,72.16,69.58,72.15,27202821
2011-08-23,73.66,73.8,70.52,70.6,38062199
2011-08-24,73.54,73.86,72.27,72.96,22756610
2011-08-25,71.77,73.92,71.27,73.64,30924466
2011-08-26,72.64,73.0,70.21,70.88,26978594
2011-08-29,74.12,74.22,72.98,73.33,18967921
2011-08-30,73.91,74.4,72.97,73.59,22440397
2011-08-31,74.02,74.87,73.34,74.36,29191502
2011-09-01,73.49,74.86,73.45,74.15,23395441
2011-09-02,72.14,72.69,71.5,72.11,21071830
2011-09-05,72.14,72.69,71.5,72.11,0
2011-09-06,71.15,71.32,69.91,70.14,25416357
2011-09-07,73.65,73.65,71.75,72.24,23113021
2011-09-08,72.82,74.3393,72.54,73.39,22438475
2011-09-09,71.01,72.57,70.5925,72.17,27969368
2011-09-12,71.84,71.89,69.87,70.34,26206585
2011-09-13,71.65,71.98,70.81,71.76,22828505
2011-09-14,72.64,73.76,71.16,71.96,26044187
2011-09-15,74.01,74.06,72.68,73.43,21861196
2011-09-16,74.55,74.75,73.57,74.52,34654686
2011-09-19,73.7,74.1,72.5,72.91,19823953
2011-09-20,74.01,74.98,73.44,73.87,20421064
2011-09-21,71.97,74.29,71.83,73.88,23812702
2011-09-22,69.24,70.46,68.17,69.94,43224471
2011-09-23,69.31,70.11,67.93,68.46,26583300
2011-09-26,71.72,71.89,69.5,70.01,30345235
2011-09-27,72.91,74.3401,72.42,73.33,26691728
2011-09-28,72.07,74.295,71.86,72.43,26027299
2011-09-29,73.88,74.04,72.67,73.12,27714866
2011-09-30,72.63,74.59,72.63,72.76,30921407
2011-10-03,71.15,73.095,71.15,72.05,31005442
2011-10-04,72.83,73.15,69.21,70.25,36460210
2011-10-05,73.95,74.0,72.21,72.67,28243662
2011-10-06,73.89,74.0,72.63,73.3,24871456
2011-10-07,73.56,74.52,73.03,74.47,23574774
2011-10-10,76.28,76.29,74.65,74.73,20465719
2011-10-11,76.27,76.67,75.71,75.78,17863906
2011-10-12,77.16,77.66,76.31,76.74,22240150
2011-10-13,76.37,76.7905,75.84,76.22,19540244
2011-10-14,78.11,78.23,77.07,77.1,17871922
2011-10-17,77.47,78.49,77.12,77.87,18837370
2011-10-18,78.89,79.51,77.02,77.57,23878629
2011-10-19,78.43,79.24,77.92,78.57,20911841
2011-10-20,78.71,79.11,77.83,78.32,22228387
2011-10-21,80.13,80.16,79.18,79.59,27855203
2011-10-24,80.17,80.5,79.55,79.92,19863286
2011-10-25,79.44,80.49,79.05,79.83,23434703
2011-10-26,81.07,81.27,79.28,80.16,27174598
2011-10-27,81.88,82.2,80.69,81.91,35502447
2011-10-28,81.48,81.99,80.44,80.99,21755739
2011-10-31,78.09,80.64,78.0,80.59,30619801
2011-11-01,75.94,77.11,75.45,75.82,35846392
2011-11-02,77.37,77.59,76.5,77.37,21773184
2011-11-03,78.86,79.0,77.44,78.19,24483270
2011-11-04,78.52,78.61,77.3754,78.07,18193683
2011-11-07,79.35,79.49,78.12,78.82,17998974
2011-11-08,79.76,79.88,78.63,79.25,19025208
2011-11-09,77.39,78.92,77.03,77.9,24130101
2011-11-10,78.7,79.02,77.64,78.53,18669372
2011-11-11,79.72,79.95,79.34,79.63,15134940
2011-11-14,78.96,79.75,78.39,79.53,13590279
2011-11-15,79.09,79.85,78.5,78.86,19477985
2011-11-16,78.25,79.75,78.06,78.24,20378819
2011-11-17,77.86,79.4253,77.1,78.12,25967023
2011-11-18,77.9,78.68,77.11,78.22,23108040
2011-11-21,76.91,77.33,76.06,76.53,20204374
2011-11-22,76.03,77.1,75.88,76.38,18925044
2011-11-23,74.58,75.32,74.53,75.03,23332846
2011-11-24,74.58,74.58,74.58,74.58,0
2011-11-25,73.9,75.2,73.9,74.51,10254499
2011-11-28,75.84,76.51,75.33,75.8401,20151786
2011-11-29,76.93,77.5,76.14,76.41,19769888
2011-11-30,80.44,80.53,78.37,78.42,33955262
2011-12-01,79.79,80.35,79.37,80.2,17261022
2011-12-02,79.79,80.74,79.65,80.67,19461542
2011-12-05,80.45,81.18,79.8,80.88,18295870
2011-12-06,80.82,81.64,80.29,80.63,20122851
2011-12-07,81.08,81.86,80.35,80.61,19645817
2011-12-08,79.87,80.85,79.55,80.75,18443634
2011-12-09,81.34,81.75,80.34,80.63,21843184
2011-12-12,80.05,81.09,79.21,80.73,17848110
2011-12-13,80.53,81.81,80.14,80.61,21873567
2011-12-14,79.44,80.165,78.66,79.59,23936685
2011-12-15,80.03,80.6,79.78,79.93,17961838
2011-12-16,80.16,80.91,79.88,80.74,33465952
2011-12-19,79.53,80.46,79.38,80.24,16048656
2011-12-20,82.0,82.0,80.61,80.66,21165234
2011-12-21,83.12,83.34,82.0,82.02,19160689
2011-12-22,84.29,84.83,83.3,83.56,19842581
2011-12-23,85.22,85.23,84.21,84.28,10251154
2011-12-26,85.22,85.22,85.22,85.22,0
2011-12-27,85.28,85.63,84.95,84.97,10147453
2011-12-28,84.18,85.44,84.01,85.15,12772204
2011-12-29,85.27,85.33,84.09,84.09,10866143
2011-12-30,84.76,85.29,84.57,85.16,9769365
2012-01-02,84.76,84.76,84.76,84.76,0
2012-01-03,86.0,86.6735,85.9,85.97,20907554
2012-01-04,86.02,86.15,85.1,85.79,16131398
2012-01-05,85.76,85.95,84.92,85.64,17453868
2012-01-06,85.12,86.0,85.11,85.92,15942136
2012-01-09,85.5,85.64,84.97,85.0,11667284
2012-01-10,85.72,86.21,85.38,86.07,13080705
2012-01-11,85.08,85.4,84.47,85.1,14839767
2012-01-12,84.74,84.92,83.94,84.39,17359488
2012-01-13,84.88,84.92,83.82,84.16,15551570
2012-01-16,84.88,84.88,84.88,84.88,0
2012-01-17,85.69,86.13,85.4,85.75,15628523
2012-01-18,86.45,86.5,84.96,85.3,16754532
2012-01-19,87.03,87.24,85.77,86.34,16383447
2012-01-20,87.49,87.49,86.72,87.08,19221915
2012-01-23,87.47,87.94,87.03,87.5,15349199
2012-01-24,87.18,87.225,86.66,87.08,12364850
2012-01-25,87.22,87.38,85.81,86.77,18202210
2012-01-26,86.77,87.71,86.51,87.64,15663392
2012-01-27,85.83,86.505,85.77,86.24,15978521
2012-01-30,85.49,85.5,84.59,85.27,17870070
2012-01-31,83.74,85.34,83.46,84.92,27229961
2012-02-01,83.97,84.56,83.3775,84.23,22266553
2012-02-02,83.53,84.34,83.19,84.28,18020956
2012-02-03,84.92,85.0,84.05,84.24,16145349
2012-02-06,85.75,85.85,84.49,84.87,15002512
2012-02-07,86.34,86.44,84.94,85.22,15818778
2012-02-08,85.32,86.22,84.73,85.83,14762545
2012-02-09,84.88,85.69,84.67,85.33,17073376
2012-02-10,83.8,84.1,83.35,84.02,15333603
2012-02-13,84.42,84.595,83.89,84.34,11474148
2012-02-14,84.67,84.71,83.85,84.42,12962721
2012-02-15,84.12,84.92,83.91,84.86,13912934
2012-02-16,85.41,85.62,84.08,84.45,14771495
2012-02-17,85.62,86.12,84.92,86.07,16604969
2012-02-20,85.62,85.62,85.62,85.62,0
2012-02-21,86.57,86.78,86.04,86.04,15482474
2012-02-22,86.92,87.25,86.65,86.84,11983901
2012-02-23,87.02,87.17,86.47,86.58,12405655
2012-02-24,87.34,87.47,87.01,87.37,10771409
2012-02-27,87.23,87.83,86.78,87.15,13332177
2012-02-28,87.14,87.44,86.55,87.23,14322136
2012-02-29,86.5,87.49,86.21,87.45,18295783
2012-03-01,86.83,87.175,86.41,86.47,12640606
2012-03-02,86.33,86.75,85.85,86.66,11346860
2012-03-05,87.01,87.09,85.91,86.17,12806179
2012-03-06,85.86,86.4786,85.42,86.24,16508531
2012-03-07,85.83,86.12,85.19,86.01,14768279
2012-03-08,84.83,85.47,84.63,85.0,19033213
2012-03-09,84.3,85.13,84.05,85.06,17042412
2012-03-12,85.55,85.75,84.13,84.5,19019201
2012-03-13,86.86,86.93,85.61,85.89,16845481
2012-03-14,86.02,86.83,85.74,86.59,16187878
2012-03-15,86.09,86.2,85.25,85.89,14524541
2012-03-16,86.44,86.8948,85.92,86.2,30992609
2012-03-19,86.99,87.18,86.03,86.08,10770576
2012-03-20,86.6,87.1,86.3201,86.46,13618226
2012-03-21,86.01,86.59,85.77,86.59,14212631
2012-03-22,85.33,85.94,85.1,85.48,13884723
2012-03-23,85.55,85.98,85.02,85.36,12558190
2012-03-26,87.03,87.25,86.07,86.18,17337747
2012-03-27,86.62,87.25,86.54,87.14,12509149
2012-03-28,85.86,86.48,85.14,86.36,16156696
2012-03-29,86.08,86.13,84.91,85.32,13200437
2012-03-30,86.73,86.76,86.09,86.48,12970772
2012-04-02,87.07,87.67,86.31,86.6,13856287
2012-04-03,85.83,86.78,85.0,86.75,17717484
2012-04-04,84.98,85.3585,84.49,85.3,17114877
2012-04-05,84.82,85.38,84.35,84.56,11957908
2012-04-06,84.82,84.82,84.82,84.82,0
2012-04-09,83.88,84.36,83.68,83.98,11028742
2012-04-10,82.17,83.75,81.88,83.75,19994292
2012-04-11,82.7,83.35,82.15,83.11,15856732
2012-04-12,83.6,83.73,82.36,82.65,15266306
2012-04-13,82.95,83.69,82.86,82.97,13858600
2012-04-16,84.01,84.39,83.13,83.24,17526035
2012-04-17,85.45,85.6,84.57,84.65,14209641
2012-04-18,85.75,86.05,85.02,85.06,12997494
2012-04-19,85.28,85.92,84.98,85.51,15975375
2012-04-20,85.3,85.92,85.03,85.55,17216903
2012-04-23,85.69,85.93,84.39,84.53,15197126
2012-04-24,86.31,86.39,85.64,85.64,11632943
2012-04-25,86.85,87.18,85.72,86.65,18478710
2012-04-26,86.07,86.2,85.15,85.28,17263696
2012-04-27,86.08,86.69,85.96,86.5,10494133
2012-04-30,86.34,86.8,85.87,85.96,11735751
2012-05-01,87.04,87.52,86.13,86.46,13818277
2012-05-02,86.2,86.65,85.83,86.56,11108892
2012-05-03,85.65,86.39,85.31,86.36,9998802
2012-05-04,84.57,85.31,84.4,85.11,15056302
2012-05-07,84.48,84.79,84.1,84.29,12018416
2012-05-08,84.02,84.26,82.915,83.75,19607080
2012-05-09,83.31,84.07,82.88,83.04,17428770
2012-05-10,82.84,83.59,82.55,83.37,13235990
2012-05-11,83.1,83.79,82.54,82.69,12062994
2012-05-14,82.12,82.46,81.96,82.27,12676256
2012-05-15,81.79,82.73,81.527,82.0,15763773
2012-05-16,82.17,83.15,81.79,81.96,15040863
2012-05-17,81.91,82.61,81.68,82.15,17700434
2012-05-18,81.47,82.72,81.03,82.37,21747586
2012-05-21,82.04,82.13,81.07,81.42,13730815
2012-05-22,81.95,82.8431,81.52,82.14,13790003
2012-05-23,82.04,82.08,79.96,81.79,16959543
2012-05-24,82.61,82.78,81.705,82.29,14114436
2012-05-25,82.08,82.96,81.68,82.86,12756574
2012-05-28,82.08,82.08,82.08,82.08,0
2012-05-29,81.93,82.64,81.32,82.64,15932023
2012-05-30,79.79,81.38,79.59,81.08,19593036
2012-05-31,78.63,80.14,78.41,79.88,38958171
2012-06-01,77.92,78.56,77.47,77.87,22872949
2012-06-04,77.83,78.25,77.2,78.09,17712329
2012-06-05,77.6,78.29,77.13,77.59,17720974
2012-06-06,80.18,80.24,78.08,78.37,23882322
2012-06-07,80.69,81.23,80.35,80.98,18415136
2012-06-08,80.84,80.92,79.46,80.08,18146437
2012-06-11,80.27,81.85,80.17,81.62,18035292
2012-06-12,81.26,81.51,80.62,80.74,14167489
2012-06-13,80.63,81.64,80.28,80.94,15098064
2012-06-14,82.13,82.5,80.73,80.86,16943680
2012-06-15,83.22,83.45,82.22,82.57,27350195
2012-06-18,83.11,83.18,82.35,82.51,13885028
2012-06-19,84.48,84.63,83.31,83.73,21053203
2012-06-20,84.97,85.39,84.06,84.4,23275001
2012-06-21,82.11,85.37,82.05,85.04,33752370
2012-06-22,82.11,83.22,82.11,82.68,84752545
2012-06-25,81.24,81.435,79.78,81.22,28765498
2012-06-26,82.4,82.97,81.21,81.51,22854638
2012-06-27,83.2,83.66,82.71,82.81,15302104
2012-06-28,83.1,83.46,82.0186,82.66,19141030
2012-06-29,85.57,85.7,84.46,84.78,24914544
2012-07-02,85.34,85.47,84.54,85.44,14447999
2012-07-03,86.28,86.28,85.62,85.69,9791120
2012-07-04,86.28,86.28,86.28,86.28,0
2012-07-05,85.57,86.04,85.15,85.33,10797165
2012-07-06,84.8,85.04,84.2,84.26,13260918
2012-07-09,83.65,84.55,83.02,84.52,22366684
2012-07-10,83.11,84.39,82.83,84.08,14111988
2012-07-11,84.38,84.68,83.24,83.48,18340681
2012-07-12,84.12,84.55,83.32,83.41,15567092
2012-07-13,85.47,85.57,84.26,84.45,13642835
2012-07-16,85.05,85.42,84.66,84.83,11269856
2012-07-17,85.73,85.82,84.1,85.18,14059302
2012-07-18,86.21,86.22,85.07,85.34,14203449
2012-07-19,86.21,86.38,85.62,86.02,14902213
2012-07-20,85.95,86.15,85.266,85.87,16838340
2012-07-23,85.21,85.46,84.33,84.8,13599580
2012-07-24,84.58,85.26,83.5,85.21,13948614
2012-07-25,85.24,85.55,84.66,85.14,16565911
2012-07-26,86.52,86.7,85.26,85.56,19150786
2012-07-27,87.45,87.85,85.5,86.59,24088052
2012-07-30,87.56,87.83,87.08,87.28,11183858
2012-07-31,86.85,87.6602,86.79,87.37,12215798
2012-08-01,86.91,87.45,86.18,87.02,14312267
2012-08-02,85.88,86.75,85.5,86.1,14530429
2012-08-03,87.55,87.89,86.8,87.07,13983205
2012-08-06,87.45,87.88,87.37,87.55,9629735
2012-08-07,87.92,88.0,87.6816,87.88,12400092
2012-08-08,88.28,88.5,87.68,87.75,12864784
2012-08-09,88.2,88.48,87.51,87.84,12215167
2012-08-10,88.44,88.4888,87.15,87.67,11149741
2012-08-13,88.14,88.24,87.77,88.1,8716268
2012-08-14,88.2,88.64,87.9,88.17,8676234
2012-08-15,88.0,88.67,87.91,88.19,8510580
2012-08-16,88.67,88.87,87.96,88.19,11313888
2012-08-17,88.4,88.91,88.16,88.89,11177636
2012-08-20,87.95,88.22,87.63,88.07,8814038
2012-08-21,87.46,88.41,87.26,88.14,10767749
2012-08-22,87.73,87.91,87.02,87.2,10160745
2012-08-23,87.31,87.79,86.98,87.79,9667155
2012-08-24,88.05,88.3,86.93,87.16,9762214
2012-08-27,87.74,88.195,87.61,88.07,8252580
2012-08-28,88.1,88.4,87.42,87.57,9649394
2012-08-29,87.9,88.19,87.74,88.07,8377681
2012-08-30,87.2,87.73,87.02,87.38,8915766
2012-08-31,87.3,87.85,87.14,87.61,14182556
2012-09-03,87.3,87.3,87.3,87.3,0
2012-09-04,87.12,87.46,86.52,87.33,10604725
2012-09-05,87.33,87.655,87.06,87.52,10114660
2012-09-06,88.99,89.25,87.85,87.89,15715489
2012-09-07,89.92,90.0,89.27,89.27,15626108
2012-09-10,89.48,90.0,89.4,89.82,10752976
2012-09-11,89.62,89.95,89.55,89.75,9349560
2012-09-12,89.55,89.9,89.41,89.63,9983190
2012-09-13,91.23,91.56,89.43,89.71,19875004
2012-09-14,92.3,92.4,91.25,91.5,21390549
2012-09-17,91.91,92.5,91.55,91.92,11894143
2012-09-18,91.65,92.22,91.4,91.43,10950104
2012-09-19,90.57,91.75,90.57,91.48,16302180
2012-09-20,91.52,91.69,90.09,90.14,12238703
2012-09-21,91.92,92.2301,91.64,92.03,19608050
2012-09-24,91.88,92.21,91.3,91.31,11024475
2012-09-25,91.74,92.57,91.54,92.11,14036062
2012-09-26,91.23,92.0395,91.1,91.72,11616836
2012-09-27,91.8,92.25,91.19,91.83,10634263
2012-09-28,91.45,91.65,90.93,91.48,12508383
2012-10-01,91.8,92.5,91.6,91.79,10346375
2012-10-02,91.72,92.18,91.28,92.12,9507876
2012-10-03,91.7,91.805,91.17,91.65,10329315
2012-10-04,92.22,92.5433,91.91,92.08,11509315
2012-10-05,92.55,93.0,92.23,92.59,9894352
2012-10-08,92.68,92.87,92.04,92.15,8765194
2012-10-09,92.13,93.36,92.11,92.83,13799645
2012-10-10,91.03,92.02,90.67,91.8,15334651
2012-10-11,91.17,91.875,91.17,91.57,9791576
2012-10-12,91.03,91.72,90.51,91.51,9944066
2012-10-15,91.51,91.69,90.54,91.35,10651649
2012-10-16,92.38,92.48,91.8,91.89,9070393
2012-10-17,93.39,93.54,92.61,92.62,10759075
2012-10-18,93.48,93.57,92.97,92.97,11816303
2012-10-19,92.15,93.67,91.75,93.57,15929732
2012-10-22,92.19,92.26,91.08,91.67,11446885
2012-10-23,90.18,91.38,90.01,91.13,14085591
2012-10-24,89.88,90.62,89.77,90.46,11332534
2012-10-25,90.43,90.8,89.68,90.63,10387146
2012-10-26,90.62,91.07,90.01,90.56,11585256
2012-10-29,90.62,90.62,90.62,90.62,0
2012-10-30,90.62,90.62,90.62,90.62,0
2012-10-31,91.17,91.41,90.11,91.03,14848929
2012-11-01,91.6,91.67,90.2,90.25,15778607
2012-11-02,90.27,91.94,90.06,91.76,12744845
2012-11-05,90.63,90.81,89.7,90.04,11222790
2012-11-06,91.61,92.05,90.73,90.86,12027798
2012-11-07,88.18,90.24,87.7,90.24,19423485
2012-11-08,87.0695,88.4253,87.03,88.27,13745192
2012-11-09,87.21,87.945,86.61,86.61,13406958
2012-11-12,87.32,87.69,86.95,87.27,9004460
2012-11-13,86.47,87.99,86.44,86.75,12262513
2012-11-14,86.07,87.11,85.88,86.745,14526154
2012-11-15,86.14,86.56,85.37,86.09,13786678
2012-11-16,86.45,86.71,85.06,86.14,17405736
2012-11-19,87.67,88.2,87.085,87.4,12911918
2012-11-20,87.5,87.8801,86.77,87.51,10289300
2012-11-21,88.01,88.02,87.48,87.81,13908996
2012-11-22,88.01,88.01,88.01,88.01,0
2012-11-23,89.09,89.09,88.01,88.417,11930987
2012-11-26,88.62,88.63,88.03,88.32,16424181
2012-11-27,87.35,88.54,87.24,88.4,11842202
2012-11-28,88.1,88.19,86.275,86.53,15959865
2012-11-29,88.12,88.69,87.63,88.37,11579064
2012-11-30,88.14,88.4,87.825,88.07,15523494
2012-12-03,87.61,88.58,87.47,88.55,10937755
2012-12-04,87.19,87.97,87.19,87.38,11979907
2012-12-05,87.73,88.265,87.1,87.27,12718223
2012-12-06,88.0,88.06,87.24,87.76,12076918
2012-12-07,88.6,88.64,87.77,88.17,10609162
2012-12-10,88.41,88.95,88.24,88.58,11549322
2012-12-11,88.99,89.49,88.4,88.61,12634952
2012-12-12,89.45,90.37,88.91,89.09,14733311
2012-12-13,88.58,89.45,88.27,89.16,12292525
2012-12-14,88.08,88.45,87.92,88.0,13363470
2012-12-17,88.87,88.94,88.1,88.36,15677197
2012-12-18,89.56,89.74,88.56,88.75,15396676
2012-12-19,88.4364,89.61,88.38,89.54,15095003
2012-12-20,88.89,88.94,87.98,88.38,15789886
2012-12-21,87.23,88.6,87.01,87.66,33064967
2012-12-24,86.92,87.32,86.8,87.13,6385170
2012-12-25,86.92,86.92,86.92,86.92,0
2012-12-26,87.07,87.68,86.57,87.21,10738243
2012-12-27,86.86,87.24,85.75,87.05,14259940
2012-12-28,85.1,86.288,85.07,86.1,13359535
2012-12-31,86.55,86.66,84.7,85.04,19812722
2013-01-01,86.55,86.55,86.55,86.55,0
2013-01-02,88.71,88.72,87.24,87.79,16148868
2013-01-03,88.55,88.89,88.16,88.46,13269179
2013-01-04,88.96,89.09,88.37,88.5,11428583
2013-01-07,87.93,88.49,87.57,88.31,11801275
2013-01-08,88.48,88.48,87.29,87.82,14229920
2013-01-09,88.14,88.54,87.755,88.4,10892162
2013-01-10,89.1,89.48,88.37,88.75,13100034
2013-01-11,89.61,89.71,88.865,88.97,11646477
2013-01-14,89.58,89.75,89.319,89.46,9606647
2013-01-15,89.53,89.61,89.0,89.18,9195312
2013-01-16,89.47,89.48,89.07,89.16,9645845
2013-01-17,90.2,90.94,89.6,89.76,13401388
2013-01-18,90.8,90.83,89.83,90.09,17197687
2013-01-21,90.8,90.8,90.8,90.8,0
2013-01-22,90.92,90.94,90.21,90.27,11898532
2013-01-23,90.7,90.88,90.42,90.5,10907080
2013-01-24,91.35,91.72,90.75,90.88,11099906
2013-01-25,91.73,91.8,91.13,91.57,11092353
2013-01-28,91.11,91.67,90.77,91.67,11618497
2013-01-29,91.76,91.93,91.2,91.21,11702209
2013-01-30,90.67,91.72,90.38,91.17,15647280
2013-01-31,89.97,91.21,89.74,90.69,15994835
2013-02-01,90.04,90.5,89.36,90.44,15702065
2013-02-04,89.15,89.62,88.84,89.41,13347435
2013-02-05,89.74,90.19,89.42,89.88,11679632
2013-02-06,89.79,89.89,86.5875,89.37,11768634
2013-02-07,88.25,89.22,87.61,89.21,13464888
2013-02-08,88.61,88.8,88.11,88.5,11412204
2013-02-11,88.28,88.51,87.97,88.35,8764645
2013-02-12,88.46,88.62,87.92,88.25,9752563
2013-02-13,88.67,88.77,88.24,88.46,8940927
2013-02-14,88.52,88.81,88.06,88.34,13238873
2013-02-15,88.36,88.61,87.8,88.57,15697693
2013-02-18,88.36,88.36,88.36,88.36,0
2013-02-19,89.32,89.41,88.38,88.54,12159751
2013-02-20,88.97,89.82,88.9,89.14,13937092
2013-02-21,88.59,89.018,88.36,88.79,10940724
2013-02-22,89.2,89.28,88.405,89.02,10260417
2013-02-25,87.7,90.191,87.7,89.88,15303746
2013-02-26,88.51,88.98,87.76,88.5,15075025
2013-02-27,89.53,89.65,88.31,88.5,11195819
2013-02-28,89.55,89.81,89.03,89.67,14556048
2013-03-01,89.43,89.68,88.92,89.07,11302578
2013-03-04,88.95,89.25,88.46,89.13,10994996
2013-03-05,89.61,90.15,89.285,89.48,13072924
2013-03-06,89.56,89.95,89.05,89.6,13234615
2013-03-07,88.71,89.76,88.68,89.63,12908079
2013-03-08,88.97,89.23,88.35,89.01,11901375
2013-03-11,89.16,89.55,88.542,89.01,12456610
2013-03-12,89.16,89.91,89.01,89.45,11470483
2013-03-13,89.26,89.5,88.83,89.02,10539885
2013-03-14,89.83,89.91,89.41,89.41,13777001
2013-03-15,89.37,89.61,88.79,89.2,29246011
2013-03-18,88.77,89.39,88.55,88.74,11554806
2013-03-19,88.58,89.09,88.0201,88.89,11987830
2013-03-20,88.63,89.21,88.3,88.95,11319619
2013-03-21,88.17,88.64,87.9,88.12,13448750
2013-03-22,89.29,89.29,88.32,88.4,10786584
2013-03-25,89.02,89.9,88.66,89.5,12900801
2013-03-26,90.13,90.3,89.36,89.41,12329745
2013-03-27,90.58,90.735,89.47,89.56,12351223
2013-03-28,90.11,90.98,89.99,90.64,17487808
2013-03-29,90.11,90.11,90.11,90.11,0
2013-04-01,90.77,90.985,89.98,90.13,9416564
2013-04-02,90.58,90.92,90.28,90.59,9991950
2013-04-03,89.93,90.83,89.86,90.65,12197778
2013-04-04,89.77,90.33,89.225,90.1,11582271
2013-04-05,89.01,89.21,88.4,88.61,12771763
2013-04-08,88.6,89.11,88.1501,89.11,11015996
2013-04-09,88.77,89.34,88.59,88.69,10755779
2013-04-10,88.68,89.16,88.2,88.45,14826366
2013-04-11,89.22,89.27,88.23,88.95,14980292
2013-04-12,88.99,89.19,88.41,88.88,11506425
2013-04-15,86.49,88.67,86.27,88.29,19636902
2013-04-16,86.61,87.23,86.085,87.19,14580454
2013-04-17,86.08,86.38,85.02,86.21,17341852
2013-04-18,86.62,87.08,85.78,86.28,14730314
2013-04-19,87.45,87.49,86.43,87.27,18393780
2013-04-22,88.09,88.32,87.285,87.61,11263146
2013-04-23,89.3,89.49,87.94,88.39,15571115
2013-04-24,89.43,89.89,89.35,89.45,13034909
2013-04-25,88.07,88.9,87.65,88.89,16329835
2013-04-26,88.0,88.28,87.6,87.81,10793280
2013-04-29,88.21,88.83,88.01,88.26,11095567
2013-04-30,88.99,88.99,87.76,88.26,14585789
2013-05-01,87.51,88.84,87.48,88.52,11619457
2013-05-02,88.63,88.84,87.74,87.98,11331136
2013-05-03,90.02,90.19,88.92,89.0,13037441
2013-05-06,90.58,90.88,89.93,90.25,10613407
2013-05-07,91.15,91.15,90.145,90.62,11089576
2013-05-08,91.7,91.85,91.03,91.05,13639840
2013-05-09,91.03,91.56,90.69,91.14,13774100
2013-05-10,90.14,90.95,89.79,90.87,10976530
2013-05-13,90.1,90.14,89.43,89.8,9812126
2013-05-14,91.11,91.19,90.02,90.15,9896767
2013-05-15,91.24,91.32,90.41,90.64,10400737
2013-05-16,90.7,91.287,90.5,90.8,10470178
2013-05-17,91.76,91.88,90.53,91.07,12724076
2013-05-20,92.52,92.69,91.46,91.61,12418207
2013-05-21,92.8,93.43,92.38,92.67,12520506
2013-05-22,92.19,93.5,91.81,92.83,19259245
2013-05-23,91.79,92.36,91.36,91.56,15357849
2013-05-24,91.53,91.77,91.0,91.38,12771830
2013-05-27,91.53,91.53,91.53,91.53,0
2013-05-28,92.38,93.18,91.76,92.94,15198326
2013-05-29,92.08,92.415,91.59,91.76,11563102
2013-05-30,92.09,92.68,91.6,91.97,9740964
2013-05-31,90.47,92.37,90.46,91.95,17924357
2013-06-03,91.46,91.51,90.48,90.53,14180143
2013-06-04,90.79,91.49,90.2201,91.18,12481544
2013-06-05,89.65,91.12,89.61,90.68,12888842
2013-06-06,90.23,90.23,89.0,89.45,15394187
2013-06-07,91.45,91.5,90.49,90.89,12507585
2013-06-10,91.12,91.94,90.87,91.93,10372738
2013-06-11,90.46,91.035,90.23,90.38,10739613
2013-06-12,89.74,91.32,89.59,91.13,10864418
2013-06-13,91.33,91.71,89.61,89.63,13503094
2013-06-14,90.58,91.3,90.295,91.16,12158490
2013-06-17,91.51,91.77,90.77,90.97,12031697
2013-06-18,91.93,92.06,91.26,91.36,10679837
2013-06-19,91.0,92.27,91.0,91.79,14191977
2013-06-20,89.05,90.52,88.79,90.24,21084352
2013-06-21,89.48,90.14,88.85,89.76,25504742
2013-06-24,88.48,89.4995,88.02,88.95,17653518
2013-06-25,89.11,89.62,88.48,89.58,15796198
2013-06-26,89.8,89.97,88.73,89.42,14447123
2013-06-27,90.04,90.67,90.03,90.24,12349477
2013-06-28,90.35,90.75,89.56,89.85,22993546
2013-07-01,90.3,91.13,89.96,90.39,13182592
2013-07-02,90.64,91.1,90.12,90.37,12321420
2013-07-03,90.69,90.87,90.14,90.63,5680116
2013-07-04,90.69,90.69,90.69,90.69,0
2013-07-05,91.57,91.61,90.57,91.1,8918068
2013-07-08,92.25,92.53,91.9003,91.96,12093727
2013-07-09,93.34,93.44,92.25,92.64,12942258
2013-07-10,92.82,93.39,92.375,93.28,12432184
2013-07-11,93.27,93.81,93.04,93.8,16187528
2013-07-12,93.4,93.45,92.725,93.25,11372097
2013-07-15,93.25,93.5,93.09,93.19,8257305
2013-07-16,93.3,93.47,92.77,93.19,11413454
2013-07-17,93.46,93.74,93.14,93.56,9395782
2013-07-18,94.38,94.84,93.71,93.8,10557177
2013-07-19,95.17,95.25,94.41,94.69,14435394
2013-07-22,94.83,95.2,94.78,94.87,9534410
2013-07-23,95.2,95.49,94.84,94.86,7379376
2013-07-24,94.99,95.31,94.42,95.31,8223986
2013-07-25,94.97,95.31,94.42,94.69,10060098
2013-07-26,94.79,94.8599,93.84,94.77,9723025
2013-07-29,94.03,94.52,93.605,94.51,8847640
2013-07-30,93.81,94.33,93.4601,94.22,10472182
2013-07-31,93.75,94.6,93.375,93.93,14404069
2013-08-01,92.73,93.1,91.25,92.69,23117968
2013-08-02,91.95,92.53,91.34,92.46,14411783
2013-08-05,91.59,91.76,91.01,91.42,12625883
2013-08-06,91.47,91.91,91.28,91.33,11689590
2013-08-07,91.34,91.55,91.133,91.18,8163804
2013-08-08,91.78,91.97,91.28,91.93,11532007
2013-08-09,90.72,91.36,90.4275,91.2,9468145
2013-08-12,89.89,90.43,89.69,90.43,10133854
2013-08-13,89.4,89.92,89.14,89.85,10895004
2013-08-14,88.95,89.48,88.9,89.34,9797334
2013-08-15,88.16,88.87,88.06,88.66,11273676
2013-08-16,87.91,88.49,87.65,88.01,11878491
2013-08-19,86.92,87.87,86.78,87.82,11745784
2013-08-20,86.83,87.87,86.83,87.13,16505268
2013-08-21,86.42,87.35,86.39,86.95,12749976
2013-08-22,86.98,87.42,86.45,86.58,10202520
2013-08-23,87.52,87.69,86.76,87.15,9206422
2013-08-26,87.09,87.7,86.82,87.5,10654654
2013-08-27,86.82,87.49,86.58,86.62,13960661
2013-08-28,88.84,88.99,87.28,87.28,17743958
2013-08-29,87.27,88.63,87.23,88.63,11417766
2013-08-30,87.16,87.55,86.79,87.39,12482033
2013-09-02,87.16,87.16,87.16,87.16,0
2013-09-03,87.15,88.0,86.835,87.7,10546795
2013-09-04,87.76,87.98,86.9,87.01,9830724
2013-09-05,87.35,88.3,87.33,88.06,11740533
2013-09-06,87.25,87.73,86.8,87.49,12951531
2013-09-09,88.04,88.195,87.31,87.34,9298591
2013-09-10,87.82,88.4,87.28,88.4,11830464
2013-09-11,88.84,88.85,87.88,87.88,11203582
2013-09-12,87.98,88.8,87.865,88.59,10918069
2013-09-13,88.4,88.88,88.15,88.15,8254170
2013-09-16,88.67,89.18,88.49,88.88,9438857
2013-09-17,88.94,89.35,88.65,88.71,8944166
2013-09-18,89.58,89.87,88.37,88.91,15139362
2013-09-19,89.28,89.74,88.98,89.64,11766809
2013-09-20,88.66,89.75,88.59,89.53,20659689
2013-09-23,87.75,88.91,87.64,88.29,12229747
2013-09-24,87.36,88.07,87.28,87.59,12129285
2013-09-25,87.14,87.6,86.93,87.59,13577377
2013-09-26,87.07,87.45,86.81,87.4,9787077
2013-09-27,86.9,87.01,86.61,86.85,10870712
2013-09-30,86.04,86.7,85.61,86.06,17493686
2013-10-01,86.0,86.34,85.78,85.99,11888460
2013-10-02,86.08,86.11,85.28,85.75,11843173
2013-10-03,85.5,86.05,85.34,86.04,13927518
2013-10-04,86.32,86.42,85.68,86.31,11331483
2013-10-07,85.9,86.29,85.27,85.57,10985769
2013-10-08,85.51,85.95,85.47,85.86,15344082
2013-10-09,85.16,85.59,84.83,85.35,13575125
2013-10-10,86.04,86.04,84.79,85.52,17542441
2013-10-11,86.95,86.95,85.5,85.9,12661803
2013-10-14,87.6,87.74,86.51,86.51,9742067
2013-10-15,86.79,87.5758,86.64,87.47,12023047
2013-10-16,87.31,87.86,86.72,87.48,11668116
2013-10-17,87.48,87.5,87.01,87.13,10438237
2013-10-18,87.55,87.74,87.3,87.69,12425312
2013-10-21,87.23,87.65,86.84,87.5,10730911
2013-10-22,87.98,88.15,87.13,87.29,12714825
2013-10-23,87.61,87.65,86.95,87.52,11455553
2013-10-24,88.42,88.73,87.97,87.98,12298088
2013-10-25,87.97,88.65,87.82,88.23,11381994
2013-10-28,88.23,88.46,87.61,87.83,9921855
2013-10-29,88.93,89.0277,88.435,88.45,10339953
2013-10-30,88.81,89.48,88.69,88.97,14307370
2013-10-31,89.62,90.96,89.2,89.45,19185158
2013-11-01,89.82,90.04,88.27,89.74,19024810
2013-11-04,92.1,92.27,90.0,90.0,20601160
2013-11-05,91.99,93.25,91.24,91.34,21122485
2013-11-06,93.22,93.28,92.12,92.42,13464561
2013-11-07,91.96,92.98,91.76,92.64,16578928
2013-11-08,92.73,92.82,91.475,91.8,12331256
2013-11-11,92.96,93.23,92.5,92.85,7927463
2013-11-12,92.67,93.32,92.5,92.67,10727290
2013-11-13,92.59,92.74,92.07,92.22,9285719
2013-11-14,93.22,93.42,92.68,92.68,7909231
2013-11-15,95.27,95.29,94.03,94.15,18374489
2013-11-18,95.45,96.0,95.06,95.98,14245128
2013-11-19,95.42,95.79,95.16,95.4,12697290
2013-11-20,94.68,95.9499,94.37,95.75,10459364
2013-11-21,94.69,95.39,94.63,94.85,9128848
2013-11-22,95.01,95.07,94.29,94.96,8541590
2013-11-25,95.09,95.75,94.83,95.21,10515815
2013-11-26,94.27,94.81,94.15,94.75,11859551
2013-11-27,93.8,94.42,93.48,94.36,8828125
2013-11-28,93.8,93.8,93.8,93.8,0
2013-11-29,93.48,94.22,93.3,93.65,6770498
2013-12-02,93.52,94.04,92.92,93.27,9310964
2013-12-03,94.39,94.48,93.23,93.6,12607780
2013-12-04,94.67,94.9,93.92,94.19,13074695
2013-12-05,94.13,94.65,93.92,94.07,10586826
2013-12-06,95.65,95.71,94.59,94.97,12063395
2013-12-09,95.84,96.25,95.6,95.95,15519217
2013-12-10,95.71,95.975,95.39,95.9,9868328
2013-12-11,94.26,95.54,94.16,95.38,12811798
2013-12-12,95.36,95.88,94.28,94.5,15562613
2013-12-13,95.31,95.915,94.66,95.13,10630610
2013-12-16,97.22,98.88,96.13,96.28,23225988
2013-12-17,96.75,97.13,96.03,97.02,14920924
2013-12-18,99.54,99.95,97.01,97.43,21334488
2013-12-19,99.43,99.6,99.0,99.5,12905883
2013-12-20,98.68,99.6,98.6,99.39,23333803
2013-12-23,98.51,99.29,98.39,99.0,10131832
2013-12-24,99.22,99.435,98.33,98.33,4168300
2013-12-25,99.22,99.22,99.22,99.22,0
2013-12-26,100.9,101.03,99.38,99.42,9539504
2013-12-27,101.51,101.74,100.99,101.24,10214097
2013-12-30,100.31,101.55,100.31,101.53,9008884
2013-12-31,101.2,101.39,100.43,100.49,8509901
2014-01-01,101.2,101.2,101.2,101.2,0
2014-01-02,99.75,100.76,99.385,100.6,11030125
2014-01-03,99.51,100.1699,99.141,99.77,9295650
2014-01-06,99.66,100.14,98.8864,99.94,11849986
2014-01-07,101.07,101.215,99.42,99.61,11188673
2014-01-08,100.74,101.19,100.15,101.19,11180366
2014-01-09,99.76,100.39,99.03,100.2,11679041
2014-01-10,100.52,100.63,99.12,99.99,10537306
2014-01-13,98.55,100.1,98.27,99.91,12112226
2014-01-14,99.12,99.27,98.65,98.8,9269763
2014-01-15,98.78,99.35,98.63,99.16,9427730
2014-01-16,98.94,99.04,98.25,98.79,9421731
2014-01-17,99.16,100.34,98.67,99.18,15998124
2014-01-20,99.16,99.16,99.16,99.16,0
2014-01-21,98.5,98.8856,98.04,98.57,13848381
2014-01-22,97.88,98.95,97.84,98.88,11648146
2014-01-23,96.97,97.39,96.01,97.25,15397746
2014-01-24,94.85,96.25,94.82,96.18,14669972
2014-01-27,94.92,95.58,94.75,95.075,12477405
2014-01-28,95.65,95.92,94.77,95.35,10774257
2014-01-29,95.11,96.2,94.65,94.93,13194427
2014-01-30,93.99,94.95,93.06,94.0,14632354
2014-01-31,92.16,93.28,91.7,92.85,17372323
2014-02-03,90.05,92.31,89.64,91.915,20381403
2014-02-04,90.02,90.64,89.39,90.37,17703260
2014-02-05,89.58,90.61,89.38,90.305,16395819
2014-02-06,89.8,90.18,89.25,89.51,13650204
2014-02-07,90.58,90.63,89.75,90.12,12632454
2014-02-10,89.52,90.53,89.36,90.45,12241464
2014-02-11,90.84,91.0,89.4,89.56,13426576
2014-02-12,91.08,91.86,90.64,91.01,10753088
2014-02-13,91.43,91.65,90.4,90.59,9776453
2014-02-14,94.11,94.4301,91.6,91.81,18335517
2014-02-17,94.11,94.11,94.11,94.11,0
2014-02-18,94.07,94.72,93.36,94.07,12981890
2014-02-19,93.95,95.29,93.8,93.8,12228854
2014-02-20,95.37,95.77,93.75,93.85,14425193
2014-02-21,95.03,95.58,94.94,95.48,11286050
2014-02-24,96.44,97.25,95.41,95.61,16034244
2014-02-25,96.31,96.97,95.96,96.54,10664330
2014-02-26,95.79,96.86,95.53,96.56,9088471
2014-02-27,95.84,96.05,95.16,95.58,9101165
2014-02-28,96.27,96.833,95.78,95.96,12652612
2014-03-03,95.5,96.54,94.8299,95.76,11897227
2014-03-04,96.52,96.86,95.87,96.59,12566341
2014-03-05,93.8,95.29,93.395,95.2,19836928
2014-03-06,93.76,93.94,93.27,93.67,12612051
2014-03-07,94.99,95.06,93.99,94.37,12660051
2014-03-10,95.5,95.55,94.66,95.15,9967356
2014-03-11,94.01,95.59,93.52,95.36,12144602
2014-03-12,94.21,94.47,93.55,93.64,9705872
2014-03-13,93.64,94.57,93.33,94.44,9872689
2014-03-14,93.47,94.22,93.29,93.58,11731826
2014-03-17,94.32,94.53,93.75,93.95,8676159
2014-03-18,94.71,95.25,94.07,94.41,8757308
2014-03-19,93.73,95.3,93.13,94.65,9914653
2014-03-20,94.58,94.74,93.01,93.44,10405003
2014-03-21,94.31,95.99,94.31,95.1,24482606
2014-03-24,94.64,95.1,94.48,94.76,9539768
2014-03-25,94.91,95.82,94.8,95.1,9799558
2014-03-26,94.7,95.58,94.41,95.56,11033634
2014-03-27,96.24,96.5,94.06,94.61,15427492
2014-03-28,97.7,97.97,96.47,96.47,12321804
2014-03-31,97.68,98.85,97.32,98.49,12375215
2014-04-01,97.73,97.93,97.28,97.65,9476393
2014-04-02,97.95,98.06,97.18,97.53,9550978
2014-04-03,97.93,98.54,97.56,97.83,10119284
2014-04-04,97.36,98.71,97.28,98.3,12496720
2014-04-07,96.78,97.53,96.751,97.25,10126378
2014-04-08,97.45,97.88,96.75,97.01,10251416
2014-04-09,97.33,97.79,96.629,97.75,10464949
2014-04-10,96.78,97.78,96.235,96.98,13449913
2014-04-11,96.72,97.4399,96.28,96.51,13353028
2014-04-14,97.86,98.055,96.74,97.49,9610713
2014-04-15,98.68,98.7,97.07,97.58,12961766
2014-04-16,99.94,100.1,98.97,99.05,12508091
2014-04-17,100.42,100.97,99.69,99.69,15439810
2014-04-18,100.42,100.42,100.42,100.42,0
2014-04-21,100.93,100.93,99.89,100.03,8003529
2014-04-22,100.37,100.86,100.22,100.53,8212619
2014-04-23,100.5,100.95,100.33,100.59,8691639
2014-04-24,100.01,100.6,99.86,100.48,9057792
2014-04-25,100.41,100.57,99.93,99.99,10396471
2014-04-28,101.17,101.462,100.31,100.72,12710821
2014-04-29,101.45,102.57,101.2301,101.57,10094588
2014-04-30,102.41,102.41,100.71,101.13,13972286
2014-05-01,101.41,102.39,101.2,101.96,11161697
2014-05-02,102.01,102.91,100.98,101.28,11169957
2014-05-05,102.91,103.13,101.58,101.69,7614576
2014-05-06,102.67,103.3,102.41,102.6,9669834
2014-05-07,103.11,103.45,102.79,103.12,11007353
2014-05-08,102.32,103.29,102.1701,103.09,8924353
2014-05-09,101.95,102.18,101.26,101.71,8948779
2014-05-12,102.23,102.35,101.525,102.33,8830502
2014-05-13,102.36,102.71,101.94,102.18,7529135
2014-05-14,102.29,102.68,102.11,102.36,6999163
2014-05-15,100.78,102.42,100.33,102.0,13658740
2014-05-16,100.74,101.0,100.32,100.59,10369477
2014-05-19,100.87,101.11,100.42,100.42,5851383
2014-05-20,100.67,101.08,100.45,100.69,6140744
2014-05-21,102.03,102.22,100.72,100.85,7748049
2014-05-22,101.5,101.97,101.47,101.81,5304614
2014-05-23,101.32,101.93,101.2663,101.55,5411273
2014-05-26,101.32,101.32,101.32,101.32,0
2014-05-27,101.36,101.9,100.93,101.61,8359738
2014-05-28,101.06,102.07,101.05,101.23,7587010
2014-05-29,101.27,101.65,101.02,101.54,6113654
2014-05-30,100.53,101.15,100.37,100.8,11500092
2014-06-02,99.94,100.88,99.67,100.53,7762537
2014-06-03,100.39,100.69,99.59,99.59,9384234
2014-06-04,100.04,100.455,99.96,100.21,7154661
2014-06-05,100.55,100.83,99.96,100.1,12296438
2014-06-06,101.6,101.63,100.6,100.61,9342474
2014-06-09,101.52,101.96,101.19,101.45,6404983
2014-06-10,101.46,101.73,101.0,101.48,7917532
2014-06-11,101.95,102.33,101.0,101.19,10270318
2014-06-12,101.66,102.945,101.57,102.46,11421250
2014-06-13,102.65,102.6551,101.63,101.93,8241548
2014-06-16,102.92,103.25,102.17,102.57,8977642
2014-06-17,102.42,102.59,101.45,102.58,9355388
2014-06-18,102.73,102.95,102.06,102.57,9575877
2014-06-19,102.63,102.84,101.68,102.61,11107691
2014-06-20,103.83,104.06,102.94,103.28,17681113
2014-06-23,104.38,104.61,103.88,104.11,8553670
2014-06-24,102.73,104.47,102.47,104.18,9708408
2014-06-25,102.14,102.62,101.53,102.34,10716273
2014-06-26,102.03,102.38,100.85,101.94,8424551
2014-06-27,101.21,101.79,100.66,101.67,15149918
2014-06-30,100.68,101.27,100.52,101.21,9536536
2014-07-01,101.36,101.59,100.79,101.15,8404213
2014-07-02,101.57,101.64,101.04,101.15,6954442
2014-07-03,102.59,103.27,101.68,101.95,6922616
2014-07-04,102.59,102.59,102.59,102.59,0
2014-07-07,102.65,102.65,102.02,102.33,7980994
2014-07-08,102.83,103.23,102.17,102.33,9615023
2014-07-09,103.55,103.69,102.81,102.96,7659029
2014-07-10,102.57,103.07,102.04,102.88,8533731
2014-07-11,101.74,102.5,101.32,102.4,7689643
2014-07-14,102.68,103.08,102.16,102.17,8253348
2014-07-15,102.39,102.6,101.74,102.53,8760545
2014-07-16,103.77,103.79,102.54,102.56,8879502
2014-07-17,102.31,103.885,102.29,103.38,8145740
2014-07-18,102.73,102.96,101.86,102.69,8208309
2014-07-21,103.08,103.19,102.06,102.36,6632386
2014-07-22,103.54,104.19,103.5,103.64,7426442
2014-07-23,104.25,104.45,103.53,103.64,7017078
2014-07-24,104.28,104.72,103.95,104.42,7943024
2014-07-25,103.18,103.99,102.96,103.93,7784729
2014-07-28,104.37,104.52,102.83,103.29,9197901
2014-07-29,103.55,104.76,103.52,104.21,8055421
2014-07-30,103.25,104.15,102.57,103.73,11072188
2014-07-31,98.94,101.98,98.93,101.98,18297904
2014-08-01,98.8,99.55,98.18,98.62,14915613
2014-08-04,100.13,100.43,98.31,98.74,12152078
2014-08-05,98.2,99.54,97.78,99.48,13071813
2014-08-06,98.98,99.65,98.2,98.2,9916916
2014-08-07,98.27,99.84,97.63,99.77,10017398
2014-08-08,99.74,99.79,98.32,98.81,11206941
2014-08-11,98.73,99.42,98.535,99.28,8595196
2014-08-12,98.49,98.69,97.82,98.21,9585001
2014-08-13,99.09,99.31,98.48,98.82,7649559
2014-08-14,99.09,99.28,98.6,99.1,6547528
2014-08-15,99.03,99.43,98.14,99.24,9234925
2014-08-18,99.52,99.53,99.095,99.28,7143392
2014-08-19,99.49,99.95,99.43,99.5,8888327
2014-08-20,99.7,99.9,99.04,99.55,6753128
2014-08-21,99.28,100.07,99.26,99.8,6826246
2014-08-22,98.5,98.98,98.08,98.89,8096102
2014-08-25,98.75,98.9,98.5,98.64,7570029
2014-08-26,99.64,100.31,99.02,99.12,8536472
2014-08-27,99.53,99.96,99.09,99.78,5849223
2014-08-28,99.57,99.74,99.01,99.04,6072738
2014-08-29,99.46,99.67,98.72,99.38,8873707
2014-09-01,99.46,99.46,99.46,99.46,0
2014-09-02,98.49,99.59,97.81,99.43,8966533
2014-09-03,99.11,99.59,98.86,98.86,8481019
2014-09-04,98.36,99.45,97.97,99.0,9662876
2014-09-05,99.26,99.3,98.11,98.74,9486572
2014-09-08,97.77,98.92,97.45,98.92,10080099
2014-09-09,97.39,98.03,96.96,97.69,9762259
2014-09-10,96.81,97.53,95.83,97.36,12113689
2014-09-11,97.03,97.12,95.82,96.32,10181311
2014-09-12,95.78,96.59,95.63,96.53,10270116
2014-09-15,96.29,96.4,95.4,95.73,10694860
2014-09-16,97.43,98.05,96.02,96.23,11582529
2014-09-17,97.08,97.93,96.8,97.91,8777778
2014-09-18,96.61,97.32,96.48,97.15,8636631
2014-09-19,97.12,97.56,96.865,97.08,18178477
2014-09-22,96.54,97.0,96.27,96.9,8824870
2014-09-23,96.03,97.16,96.03,96.28,10300659
2014-09-24,95.82,96.25,94.84,95.87,12200003
2014-09-25,94.25,95.89,94.2002,95.66,12854240
2014-09-26,95.43,95.76,93.8,94.33,11256807
2014-09-29,94.43,94.78,93.8,94.71,14023092
2014-09-30,94.05,94.81,93.62,94.11,15579333
2014-10-01,92.86,94.54,92.715,94.11,14028600
2014-10-02,93.3,93.9,92.06,92.39,13756563
2014-10-03,93.92,94.11,92.58,93.6,11572112
2014-10-06,94.52,95.33,93.91,94.01,10599719
2014-10-07,93.37,95.19,93.33,94.27,10787852
2014-10-08,94.61,94.83,92.42,93.42,15592479
2014-10-09,91.82,94.49,91.63,94.05,17917680
2014-10-10,91.6,93.27,90.9,92.44,18173104
2014-10-13,90.84,92.53,90.76,91.32,14451647
2014-10-14,90.55,92.23,90.0601,91.49,23121774
2014-10-15,90.22,90.61,86.91,89.0,24704546
2014-10-16,90.6,91.27,88.18,88.58,25215899
2014-10-17,91.21,92.25,90.5,91.13,18194303
2014-10-20,91.77,91.89,90.63,90.63,10826502
2014-10-21,93.65,94.03,92.36,92.86,15757046
2014-10-22,93.13,94.585,92.98,93.96,12742932
2014-10-23,94.11,94.98,93.87,94.31,11352718
2014-10-24,94.49,94.53,93.22,94.19,9740056
2014-10-27,93.71,93.85,92.77,93.85,11394514
2014-10-28,95.1,95.195,93.93,94.44,12570452
2014-10-29,94.59,95.98,93.62,95.42,12410105
2014-10-30,94.45,94.67,93.22,93.87,9767918
2014-10-31,96.71,96.89,94.31,94.99,17493736
2014-11-03,95.26,97.1,94.8,96.56,13409991
2014-11-04,94.52,94.89,93.89,94.5,13498531
2014-11-05,95.07,95.77,94.65,95.36,12480033
2014-11-06,96.26,96.42,94.28,95.18,14731392
2014-11-07,96.59,97.16,95.72,95.8,13233484
2014-11-10,96.28,97.1,96.07,96.87,9087594
2014-11-11,96.41,96.51,95.61,95.78,7990045
2014-11-12,95.38,96.4,95.11,95.9,11592788
2014-11-13,94.66,95.21,93.83,94.96,12355397
2014-11-14,95.09,95.11,94.65,94.87,9352535
2014-11-17,95.11,95.14,94.19,94.85,8704386
2014-11-18,94.87,95.75,94.53,95.08,9272445
2014-11-19,95.61,95.74,94.13,95.08,8333169
2014-11-20,95.82,95.9,95.26,95.37,8422369
2014-11-21,96.81,97.2,96.1,97.2,12374854
2014-11-24,95.72,96.8,95.25,96.34,10172405
2014-11-25,94.78,96.03,94.37,96.01,13747362
2014-11-26,94.48,95.13,94.36,94.64,9822941
2014-11-27,94.48,94.48,94.48,94.48,0
2014-11-28,90.54,91.85,90.11,91.5,19556690
2014-12-01,92.35,92.87,90.28,90.36,27584224
2014-12-02,94.19,94.67,92.01,92.32,20885295
2014-12-03,94.95,95.33,94.0,94.67,16220448
2014-12-04,94.37,94.61,93.07,94.13,12872234
2014-12-05,93.82,94.59,93.3542,93.95,11830298
2014-12-08,91.7,93.13,91.365,92.9,15735859
2014-12-09,91.38,92.06,90.76,91.23,15883826
2014-12-10,88.67,90.73,88.2,90.72,22279389
2014-12-11,89.2,91.54,88.85,88.86,21522152
2014-12-12,86.6,89.0,86.6,88.71,24568339
2014-12-15,86.9,88.6,86.5,87.53,21373561
2014-12-16,86.41,89.2,86.19,86.38,26372409
2014-12-17,89.02,89.9,87.15,87.24,23323043
2014-12-18,91.16,91.16,88.4,90.37,22882705
2014-12-19,93.64,93.64,89.61,90.21,38468954
2014-12-22,93.33,93.67,92.45,92.96,17871762
2014-12-23,94.59,95.18,93.0472,93.52,13706536
2014-12-24,93.78,94.25,92.98,94.22,6875691
2014-12-25,93.78,93.78,93.78,93.78,0
2014-12-26,93.21,94.43,92.62,93.99,10584997
2014-12-29,93.07,93.86,92.89,93.33,9892119
2014-12-30,93.02,93.39,92.51,92.77,8743369
2014-12-31,92.45,93.13,92.06,92.42,11337219
2015-01-01,92.45,92.45,92.45,92.45,0
2015-01-02,92.83,93.05,91.81,92.25,10220410
2015-01-05,90.29,92.4,89.5,92.1,18502381
2015-01-06,89.81,91.41,89.02,90.24,16670713
2015-01-07,90.72,91.48,90.0,90.65,13590721
2015-01-08,92.23,92.27,91.0,91.25,15487496
2015-01-09,92.1,92.78,91.37,92.3,14488415
2015-01-12,90.33,91.34,89.82,91.24,15176303
2015-01-13,90.0,91.43,89.11,90.88,17469028
2015-01-14,89.74,89.89,87.26,88.95,23272056
2015-01-15,88.96,90.66,88.51,90.43,18759590
2015-01-16,91.12,91.19,88.98,88.98,17713093
2015-01-19,91.12,91.12,91.12,91.12,0
2015-01-20,91.09,91.78,90.38,91.14,16760994
2015-01-21,91.87,91.99,91.01,91.74,14276380
2015-01-22,92.87,92.9658,91.32,92.31,13558953
2015-01-23,90.89,92.48,90.785,92.28,14706313
2015-01-26,91.76,91.94,90.47,90.61,10672507
2015-01-27,90.95,91.6,90.6,91.24,12301462
2015-01-28,87.95,90.93,87.82,90.88,17829700
2015-01-29,87.58,88.26,86.03,88.22,22682981
2015-01-30,87.42,88.42,86.25,87.16,22679947
2015-02-02,89.58,89.59,87.5,87.85,20306347
2015-02-03,92.25,92.33,90.81,90.9,21900857
2015-02-04,91.46,92.27,90.51,91.64,19632169
2015-02-05,92.36,92.54,91.7,92.39,12809028
2015-02-06,91.5,92.28,90.96,92.1,12331189
2015-02-09,91.56,92.29,91.2366,91.4,11360679
2015-02-10,91.01,91.74,90.3,91.74,12952873
2015-02-11,90.6,90.83,89.79,90.02,12240595
2015-02-12,92.37,92.66,91.02,91.46,14842992
2015-02-13,93.37,93.45,92.28,92.7,12060981
2015-02-16,93.37,93.37,93.37,93.37,0
2015-02-17,93.05,93.07,92.29,92.75,11758746
2015-02-18,91.01,91.99,90.39,91.99,19177925
2015-02-19,89.44,90.42,88.58,89.64,19350556
2015-02-20,89.92,89.94,88.85,89.4,15959865
2015-02-23,89.01,89.55,88.74,89.26,12771790
2015-02-24,89.42,89.78,89.13,89.33,9990726
2015-02-25,89.6,89.7,89.08,89.57,9925652
2015-02-26,88.65,89.18,88.08,89.13,13984008
2015-02-27,88.54,89.28,88.34,88.89,13090560
2015-03-02,88.04,88.52,87.35,88.34,13793671
2015-03-03,87.62,88.02,87.13,87.93,13493839
2015-03-04,87.18,87.96,86.93,87.96,13467554
2015-03-05,86.74,87.1864,86.52,87.07,12527581
2015-03-06,85.63,86.6,85.32,86.41,16070466
2015-03-09,85.16,86.38,85.12,86.12,14496055
2015-03-10,84.26,85.53,84.24,84.82,17192809
2015-03-11,84.02,84.93,84.0,84.93,13003130
2015-03-12,84.22,84.72,84.06,84.43,10791598
2015-03-13,83.87,84.18,82.68,83.9,16796645
2015-03-16,84.76,84.86,83.27,83.71,13515985
2015-03-17,84.08,84.85,84.015,84.54,12978558
2015-03-18,86.07,86.37,83.43,83.54,18743633
2015-03-19,84.41,85.5,84.325,85.19,12738012
2015-03-20,84.54,85.4,84.39,84.67,36081516
2015-03-23,85.43,85.7801,85.01,85.02,17450555
2015-03-24,84.52,85.78,84.5,85.3,10172889
2015-03-25,84.86,85.57,84.77,85.05,11934086
2015-03-26,84.32,85.57,84.09,85.3,14399835
2015-03-27,83.58,84.05,83.33,84.04,11578259
2015-03-30,85.63,85.82,84.25,85.07,15652470
2015-03-31,85.0,85.34,84.46,84.85,13353890
2015-04-01,84.46,86.0,84.26,85.7,14521445
2015-04-02,84.3,84.94,83.854,84.09,11296103
2015-04-03,84.3,84.3,84.3,84.3,0
2015-04-06,85.13,85.64,84.2,85.15,10916429
2015-04-07,85.75,86.17,84.756,85.01,11836055
2015-04-08,84.06,85.9,84.02,85.8,16256201
2015-04-09,84.65,84.73,83.81,84.0,13281492
2015-04-10,85.56,86.04,84.77,85.37,13372433
2015-04-13,85.34,86.25,85.24,85.92,9879907
2015-04-14,86.63,87.475,85.53,85.6,15693310
2015-04-15,88.08,88.53,87.14,87.14,15331209
2015-04-16,87.73,88.16,87.11,87.88,9570709
2015-04-17,86.93,87.36,86.155,87.14,14430056
2015-04-20,87.24,88.1,87.08,87.13,11592279
2015-04-21,86.88,87.62,86.6849,87.38,10098860
2015-04-22,87.46,87.8,86.34,87.04,8663330
2015-04-23,87.54,88.38,87.31,87.36,9865904
2015-04-24,86.97,87.36,86.66,87.19,8405737
2015-04-27,87.01,87.6,86.755,87.41,10534506
2015-04-28,87.8,87.86,87.04,87.22,9633064
2015-04-29,87.87,88.07,86.96,87.5,12518680
2015-04-30,87.37,88.67,87.22,88.67,13947610
2015-05-01,88.85,88.95,87.7,87.85,12256486
2015-05-04,89.11,89.88,88.95,89.42,10343675
2015-05-05,88.61,90.09,88.52,89.97,11894913
2015-05-06,88.19,89.96,87.79,89.65,11273119
2015-05-07,87.6,88.1,86.92,88.0,9991651
2015-05-08,88.99,89.07,87.82,88.47,11386138
2015-05-11,86.78,88.57,86.65,88.53,11997252
2015-05-12,87.02,87.46,86.42,86.89,9788482
2015-05-13,86.56,87.73,86.4021,87.28,8628584
2015-05-14,86.97,87.34,86.75,86.93,8791175
2015-05-15,87.35,87.62,86.6,86.8,8422203
2015-05-18,86.85,87.46,86.78,87.31,6395272
2015-05-19,86.99,87.21,86.21,86.47,9776978
2015-05-20,87.13,87.4,86.91,87.39,7276271
2015-05-21,87.21,87.44,86.96,87.28,8357243
2015-05-22,86.52,87.1,86.5,86.99,7596832
2015-05-25,86.52,86.52,86.52,86.52,0
2015-05-26,85.35,86.37,85.03,86.04,11288257
2015-05-27,85.11,85.89,84.77,85.3,10777874
2015-05-28,85.11,85.57,84.82,85.11,8038083
2015-05-29,85.2,85.58,84.88,85.1,14630196
2015-06-01,85.13,85.47,84.8,85.25,9077427
2015-06-02,85.14,85.59,84.91,85.12,9328322
2015-06-03,84.95,85.84,84.86,85.23,8175990
2015-06-04,84.22,84.89,83.78,84.7,12607257
2015-06-05,84.28,85.0,83.98,84.13,11386108
2015-06-08,84.85,85.209,83.93,84.18,12243874
2015-06-09,84.58,85.43,84.49,85.29,8104694
2015-06-10,85.21,85.97,85.0,85.84,10147024
2015-06-11,85.09,85.7,84.89,85.3,7759265
2015-06-12,84.02,84.68,83.86,84.58,8346840
2015-06-15,83.72,83.98,83.19,83.53,9563933
2015-06-16,84.68,84.75,83.4,83.81,9100016
2015-06-17,84.73,85.13,84.41,85.03,9088538
2015-06-18,85.48,85.96,84.72,84.8,10247639
2015-06-19,85.21,85.48,84.92,84.92,16118040
2015-06-22,85.17,85.6,84.97,85.39,9260117
2015-06-23,85.07,85.28,84.59,85.22,10223910
2015-06-24,84.68,85.34,84.66,84.89,11800118
2015-06-25,83.93,84.85,83.93,84.85,10249412
2015-06-26,83.86,84.1,83.49,83.83,19022953
2015-06-29,82.82,83.45,82.8,83.05,11738781
2015-06-30,83.2,84.9,82.8,83.74,14980045
2015-07-01,82.37,83.53,82.11,83.28,13528426
2015-07-02,83.14,83.28,82.55,82.79,9186497
2015-07-03,83.14,83.14,83.14,83.14,0
2015-07-06,82.53,83.06,82.12,82.42,11694275
2015-07-07,82.87,83.23,81.49,82.19,15641485
2015-07-08,81.97,82.98,81.91,82.25,10054244
2015-07-09,81.6,83.15,81.58,82.87,11976871
2015-07-10,82.22,82.49,81.6,82.09,8628634
2015-07-13,82.42,82.6099,82.07,82.11,8026209
2015-07-14,83.11,83.32,82.26,82.38,9310105
2015-07-15,82.76,83.42,82.4039,82.61,9288694
2015-07-16,82.91,83.48,82.8,83.18,8266821
2015-07-17,82.61,82.84,81.79,82.51,12152966
2015-07-20,81.76,82.4059,81.6,82.15,12956560
2015-07-21,81.66,82.43,81.43,81.93,8669919
2015-07-22,81.79,82.47,81.58,82.35,13181363
2015-07-23,81.14,81.97,80.97,81.73,10324140
2015-07-24,79.94,81.16,79.72,81.16,14888119
2015-07-27,79.26,80.13,78.97,79.23,14995559
2015-07-28,82.48,82.665,79.565,79.7,19777277
2015-07-29,83.14,83.2,81.91,82.18,13913028
2015-07-30,83.01,83.32,82.42,83.18,11138856
2015-07-31,79.21,81.67,78.93,81.67,26230692
2015-08-03,78.06,78.93,77.63,78.7,15763773
2015-08-04,77.17,78.61,76.93,77.88,18855651
2015-08-05,77.17,78.23,76.9,77.87,16543016
2015-08-06,78.09,78.26,76.91,76.94,13004663
2015-08-07,76.83,77.97,76.6178,77.55,12186683
2015-08-10,78.75,78.75,77.09,77.09,14872956
2015-08-11,77.49,78.07,76.33,77.01,14482682
2015-08-12,78.79,78.87,76.96,77.44,16908868
2015-08-13,78.65,79.29,78.27,78.32,13153452
2015-08-14,78.36,79.28,78.25,78.64,9128839
2015-08-17,78.77,79.175,77.45,77.93,9365193
2015-08-18,77.9,78.67,77.58,78.53,9814835
2015-08-19,76.23,77.58,75.93,77.51,17009679
2015-08-20,74.57,76.18,74.57,76.0,17808390
2015-08-21,72.13,74.89,72.07,74.1,25488018
2015-08-24,68.72,71.38,66.55,67.99,35528364
2015-08-25,68.71,71.44,68.2,71.31,30406456
2015-08-26,72.5,72.75,69.15,70.63,34431910
2015-08-27,74.85,74.89,73.01,73.8,24565265
2015-08-28,75.07,75.98,74.41,74.71,18991528
2015-08-31,75.24,75.55,73.3,74.28,19569603
2015-09-01,72.08,73.35,71.51,73.3,24087528
2015-09-02,73.23,73.24,72.0,73.06,16936777
2015-09-03,73.79,74.91,73.34,73.64,13451467
2015-09-04,72.46,73.14,72.25,72.93,14902044
2015-09-07,72.46,72.46,72.46,72.46,0
2015-09-08,73.5,73.72,72.9668,73.72,13626827
2015-09-09,72.0,74.68,71.85,74.37,17246217
2015-09-10,72.52,72.98,71.8,72.81,12352803
2015-09-11,72.69,72.72,72.01,72.4,12172259
2015-09-14,72.49,72.58,71.76,72.31,10737538
2015-09-15,72.86,73.3132,72.41,72.44,11979453
2015-09-16,74.3,74.7,73.37,73.51,15213416
2015-09-17,74.46,75.47,73.85,74.41,15602688
2015-09-18,72.68,73.56,72.12,73.26,23180160
2015-09-21,73.39,73.61,72.73,73.1,10852072
2015-09-22,72.74,73.52,72.02,72.35,14245055
2015-09-23,72.3,73.2,72.29,72.87,13783121
2015-09-24,72.73,73.15,71.72,72.0,14584249
2015-09-25,73.23,73.53,72.76,73.29,15175167
2015-09-28,72.6,73.46,72.4,72.62,14571508
2015-09-29,72.97,73.19,72.14,72.65,13750410
2015-09-30,74.35,74.35,73.33,73.4,18168131
2015-10-01,74.06,75.58,73.3,75.2,14397747
2015-10-02,75.88,75.9,73.03,73.39,18808881
2015-10-05,76.81,77.15,75.79,76.65,18486540
2015-10-06,77.89,78.56,76.26,76.96,18757757
2015-10-07,79.2,79.29,77.53,78.97,18701360
2015-10-08,80.03,80.11,78.54,79.31,14343132
2015-10-09,79.26,80.165,78.62,80.05,17383558
2015-10-12,79.3,79.59,78.72,79.59,9930809
2015-10-13,79.16,79.55,78.49,78.72,12326398
2015-10-14,80.16,80.48,78.78,78.97,14485198
2015-10-15,81.48,81.53,79.9,80.19,13638966
2015-10-16,82.48,82.5,81.45,82.26,14303382
2015-10-19,80.99,82.17,80.76,82.01,14155729
2015-10-20,80.83,81.055,80.2,80.55,12340108
2015-10-21,80.21,81.15,80.11,80.86,10285949
2015-10-22,82.89,82.96,80.66,80.68,14821163
2015-10-23,82.98,83.0,81.89,82.41,13215100
2015-10-26,81.22,82.73,81.17,82.52,12574847
2015-10-27,81.09,81.16,79.73,80.57,13577364
2015-10-28,82.28,82.58,80.9344,81.31,12472763
2015-10-29,82.23,83.22,81.79,81.79,10336715
2015-10-30,82.74,83.88,81.26,82.47,18758239
2015-11-02,85.28,85.93,82.09,82.3,21266023
2015-11-03,86.85,87.435,85.58,85.66,20115562
2015-11-04,85.98,87.08,85.7,86.77,14243047
2015-11-05,84.81,86.23,84.5,85.55,12291074
2015-11-06,84.47,84.47,83.22,83.93,12488463
2015-11-09,81.95,83.5992,81.8,83.11,13551116
2015-11-10,82.35,82.61,81.86,81.93,14236006
2015-11-11,81.62,82.56,81.4,82.42,9597943
2015-11-12,79.41,81.28,79.32,80.57,16049738
2015-11-13,78.1,79.58,77.94,79.28,17524553
2015-11-16,80.9,80.99,77.91,77.94,14546153
2015-11-17,79.96,80.88,79.63,80.71,10010744
2015-11-18,80.74,80.9,79.59,79.89,10884384
2015-11-19,80.3,80.78,80.04,80.51,9452859
2015-11-20,79.79,80.945,79.65,80.57,10144448
2015-11-23,80.28,80.709,79.06,79.6,11868403
2015-11-24,81.88,82.35,80.2,80.35,15053352
2015-11-25,81.25,82.17,81.1,81.3,8980425
2015-11-26,81.25,81.25,81.25,81.25,0
2015-11-27,81.23,81.26,80.46,80.58,4156645
2015-11-30,81.66,82.65,81.25,81.42,17728375
2015-12-01,81.89,82.13,81.27,81.76,13916981
2015-12-02,79.55,81.64,79.42,81.31,16299330
2015-12-03,78.41,79.85,78.02,79.72,14868257
2015-12-04,78.86,78.98,77.0335,77.35,20156434
2015-12-07,76.8,77.5,75.75,77.33,17674886
2015-12-08,74.63,76.35,73.79,75.27,24210492
2015-12-09,75.63,77.19,74.73,74.84,22035498
2015-12-10,75.69,77.5,75.52,75.8,20138755
2015-12-11,74.34,75.54,74.34,74.82,20470958
2015-12-14,76.03,76.22,74.09,74.3,21973260
2015-12-15,79.43,79.6,77.33,77.43,24365893
2015-12-16,79.15,79.61,78.0,79.04,17232827
2015-12-17,77.96,79.23,77.95,79.02,17358121
2015-12-18,77.28,78.78,77.06,77.57,28778463
2015-12-21,77.26,78.1038,76.645,77.79,14460450
2015-12-22,77.65,77.9,77.21,77.7,13854081
2015-12-23,80.19,80.22,78.32,78.68,15183393
2015-12-24,79.33,80.27,79.1211,80.27,5848311
2015-12-25,79.33,79.33,79.33,79.33,0
2015-12-28,78.74,78.86,77.91,78.12,9715843
2015-12-29,79.16,80.08,78.84,79.99,8838779
2015-12-30,78.11,78.99,77.97,78.32,9314646
2015-12-31,77.95,78.44,77.43,77.51,10285519
2016-01-01,77.95,77.95,77.95,77.95,0
2016-01-04,77.46,77.94,76.455,77.5,20400084
2016-01-05,78.12,78.14,76.9223,77.19,11993197
2016-01-06,77.47,77.64,76.59,76.64,18826600
2016-01-07,76.23,77.99,75.9,76.06,21262771
2016-01-08,74.69,76.65,74.5,76.35,19031061
2016-01-11,73.69,75.12,72.56,75.01,21352865
2016-01-12,75.2,75.42,73.1518,74.12,21863643
2016-01-13,75.65,77.06,74.94,75.85,26052465
2016-01-14,79.12,79.92,75.8,76.21,33798911
2016-01-15,77.58,78.17,76.3,76.33,28338391
2016-01-18,77.58,77.58,77.58,77.58,0
2016-01-19,76.4,78.24,75.19,77.93,22683785
2016-01-20,73.18,75.72,71.55,75.07,33279505
2016-01-21,74.1,74.99,72.61,73.16,22265445
2016-01-22,76.57,76.77,74.72,76.42,22529961
2016-01-25,73.98,76.34,73.9,75.75,17081077
2016-01-26,76.7,76.77,74.25,74.77,18721167
2016-01-27,75.29,77.4699,74.72,76.0,18092244
2016-01-28,76.99,77.66,75.62,77.35,16157615
2016-01-29,77.85,77.85,76.25,76.73,25157887
2016-02-01,76.29,76.79,75.4398,76.66,16749029
2016-02-02,74.59,75.62,73.55,74.19,21403001
2016-02-03,78.48,78.53,74.26,75.53,25862256
2016-02-04,79.83,80.0,77.56,78.58,23655675
2016-02-05,80.08,80.1,78.57,79.4,26718327
2016-02-08,81.16,81.78,78.91,79.3,26599302
2016-02-09,80.08,80.67,78.69,79.98,18416992
2016-02-10,79.35,81.45,79.28,79.77,16607769
2016-02-11,79.6,80.15,77.58,78.34,19330943
2016-02-12,81.03,81.07,79.81,80.08,16683346
2016-02-15,81.03,81.03,81.03,81.03,0
2016-02-16,81.22,81.85,80.28,81.7,15912109
2016-02-17,82.0,82.775,81.16,81.65,17005568
2016-02-18,82.45,83.06,81.86,82.9,14873692
2016-02-19,82.5,82.55,80.91,82.19,13615902
2016-02-22,82.39,83.44,82.2,83.21,14594684
2016-02-23,81.23,82.37,80.879,81.99,11039785
2016-02-24,81.52,81.77,79.67,79.91,13772275
2016-02-25,82.01,82.07,80.02,81.56,13704791
2016-02-26,81.75,83.08,81.69,82.89,14341303
2016-02-29,80.15,82.4,80.05,81.88,18902770
2016-03-01,81.28,81.765,80.32,80.56,15729790
2016-03-02,82.7,82.72,80.31,80.95,14093902
2016-03-03,82.4,82.72,81.54,82.66,13215882
2016-03-04,82.29,82.9699,81.7635,82.66,18402402
2016-03-07,84.46,84.46,82.21,82.31,18945478
2016-03-08,82.63,84.21,82.48,84.0,14003282
2016-03-09,82.4,83.85,82.24,83.22,14137874
2016-03-10,82.18,82.66,80.93,82.42,15898276
2016-03-11,82.19,83.53,82.005,83.22,15369288
2016-03-14,82.41,82.64,81.015,81.48,13344495
2016-03-15,82.82,82.85,81.52,81.6,9211380
2016-03-16,82.87,83.16,81.94,83.02,11491320
2016-03-17,84.1,84.675,82.72,83.68,13672769
2016-03-18,84.2,84.6,83.2539,84.59,19636814
2016-03-21,83.62,84.139,83.5,83.84,8385058
2016-03-22,84.12,84.86,83.01,83.08,13004544
2016-03-23,83.75,84.2999,83.52,83.86,12748576
2016-03-24,83.98,84.025,82.93,82.94,9368199
2016-03-25,83.98,83.98,83.98,83.98,0
2016-03-28,84.22,84.36,83.7,84.03,7490303
2016-03-29,84.53,84.6134,83.16,83.67,9976768
2016-03-30,84.52,85.05,84.0,85.03,10806454
2016-03-31,83.59,85.1,83.59,84.07,13896181
2016-04-01,82.96,83.39,82.39,82.4,12235334
2016-04-04,83.16,83.9,82.78,83.06,8050167
2016-04-05,82.21,83.13,81.99,82.61,10444069
2016-04-06,83.31,83.46,82.3,82.69,9314923
2016-04-07,82.37,83.17,82.05,82.76,8266719
2016-04-08,83.21,83.45,82.85,83.3,9376167
2016-04-11,83.32,84.24,83.28,83.33,9924937
2016-04-12,84.35,84.63,83.37,83.69,9985798
2016-04-13,84.83,84.91,84.04,84.5,9234863
2016-04-14,85.43,85.9,84.76,85.0,10625342
2016-04-15,84.97,85.66,84.78,85.3,11280211
2016-04-18,85.78,85.86,83.86,83.89,9096576
2016-04-19,86.21,86.31,85.22,85.85,10354460
2016-04-20,86.8,87.44,85.97,86.23,15247074
2016-04-21,86.79,87.84,86.57,86.59,12075295
2016-04-22,87.53,87.64,86.82,87.24,9150623
2016-04-25,87.33,87.4,86.352,87.09,8076364
2016-04-26,87.63,87.94,87.06,87.75,9424563
2016-04-27,88.46,88.715,87.33,87.95,10463103
2016-04-28,88.03,88.775,87.5,87.86,11274953
2016-04-29,88.4,89.78,87.74,88.68,17881670
2016-05-02,89.13,89.4765,88.08,88.24,10273739
2016-05-03,88.11,88.63,87.355,88.4,10137435
2016-05-04,87.94,88.74,87.6,88.3,10601113
2016-05-05,88.04,88.97,87.6201,88.76,8720781
2016-05-06,88.51,88.6815,87.46,87.46,7968354
2016-05-09,88.57,88.76,87.23,88.6,11158740
2016-05-10,89.99,90.0,88.82,88.9,12505462
2016-05-11,88.81,89.68,88.72,89.16,11658572
2016-05-12,89.67,89.93,89.15,89.8,10720504
2016-05-13,88.66,89.66,88.51,89.28,9721023
2016-05-16,89.57,89.67,89.0,89.2,8638664
2016-05-17,89.53,89.91,89.16,89.27,9835599
2016-05-18,89.35,90.0,88.65,89.8,9677881
2016-05-19,90.11,90.16,88.45,88.61,14395655
2016-05-20,89.74,90.4,89.38,90.39,13190675
2016-05-23,89.6,89.9,88.8201,89.0,11766051
2016-05-24,89.67,90.4,89.55,89.89,10054477
2016-05-25,90.26,90.37,89.59,89.85,9580649
2016-05-26,89.8,90.46,89.27,90.25,7867824
2016-05-27,90.01,90.05,89.32,89.4,7505681
2016-05-30,90.01,90.01,90.01,90.01,0
2016-05-31,89.02,90.2,88.73,90.0,13178567
2016-06-01,89.24,89.45,88.13,88.43,7992594
2016-06-02,88.53,88.53,87.61,88.21,9836204
2016-06-03,88.37,88.83,88.03,88.44,9367092
2016-06-06,89.34,89.5,88.69,88.87,8572963
2016-06-07,90.71,90.92,89.71,89.75,12889082
2016-06-08,90.79,91.3,90.53,91.03,9982492
2016-06-09,90.67,91.03,90.11,90.18,8974331
2016-06-10,89.98,90.92,89.7801,90.4,10353765
2016-06-13,90.59,91.43,89.7,89.92,11369954
2016-06-14,90.43,90.87,89.85,90.45,10160930
2016-06-15,90.16,90.9,90.0,90.23,10655028
2016-06-16,91.22,91.39,89.11,89.7,12822800
2016-06-17,90.72,91.59,90.19,91.49,17482853
2016-06-20,91.12,91.59,91.07,91.29,9388428
2016-06-21,91.53,91.64,90.25,90.72,8557321
2016-06-22,91.17,91.93,91.005,91.84,8783728
2016-06-23,91.8,92.07,91.19,91.93,9463575
2016-06-24,89.39,90.8,89.15,89.88,20010494
2016-06-27,88.86,89.1,88.11,88.9,14395428
2016-06-28,90.91,90.93,89.52,89.73,13253931
2016-06-29,92.46,92.7,91.12,91.41,13920256
2016-06-30,93.74,93.8273,92.3,92.33,14073512
2016-07-01,93.84,93.98,93.07,93.36,9945278
2016-07-04,93.84,93.84,93.84,93.84,0
2016-07-05,93.02,93.6,92.25,93.12,10744001
2016-07-06,94.09,94.12,92.44,93.35,13144408
2016-07-07,92.96,94.49,92.35,94.34,12235670
2016-07-08,93.54,93.78,92.92,93.39,9807545
2016-07-11,93.89,94.41,93.65,93.75,8335705
2016-07-12,94.95,94.95,94.09,94.67,9870013
2016-07-13,94.88,94.915,94.11,94.65,9455239
2016-07-14,94.95,95.53,94.62,95.05,9293450
2016-07-15,95.12,95.55,94.64,95.44,10334353
2016-07-18,94.82,95.15,94.4,94.92,9865850
2016-07-19,94.47,94.94,94.2,94.76,5901792
2016-07-20,93.93,94.4161,93.8,94.25,7381889
2016-07-21,93.85,94.26,93.46,93.89,7756497
2016-07-22,94.01,94.294,93.72,94.11,7139681
2016-07-25,92.2,93.62,91.76,93.47,10841007
2016-07-26,91.53,92.03,91.11,91.63,12143339
2016-07-27,90.91,91.805,90.63,91.51,10037718
2016-07-28,90.2,90.73,89.61,90.54,12438319
2016-07-29,88.95,89.01,86.12,87.61,23927308
2016-08-01,85.86,88.15,85.59,88.08,22907631
2016-08-02,87.04,87.32,85.58,86.45,18918057
2016-08-03,87.49,87.49,86.6,87.01,14631501
2016-08-04,87.48,87.65,87.03,87.5,13451250
2016-08-05,87.56,87.83,87.15,87.73,9614859
2016-08-08,88.59,88.89,88.03,88.05,10492644
2016-08-09,88.7,88.76,88.18,88.62,9653454
2016-08-10,86.41,87.92,86.01,87.78,12714764
2016-08-11,86.72,87.27,86.26,86.69,11615272
2016-08-12,87.85,87.98,86.9,86.96,9986524
2016-08-15,87.81,88.5,87.64,88.42,6431980
2016-08-16,87.92,88.1799,87.37,87.83,6816252
2016-08-17,88.11,88.18,87.66,87.92,7104115
2016-08-18,88.91,88.94,88.12,88.38,10342380
2016-08-19,87.8,88.74,87.79,88.63,8614984
2016-08-22,87.99,88.1,86.845,87.31,8235405
2016-08-23,87.72,88.02,87.56,87.84,6512786
2016-08-24,88.02,88.16,87.35,87.5,7985392
2016-08-25,87.46,88.03,87.24,88.02,6935261
2016-08-26,87.27,88.11,87.0,87.63,6473424
2016-08-29,87.84,87.92,87.04,87.04,7027099
2016-08-30,87.52,88.25,87.365,87.87,6440948
2016-08-31,87.14,87.21,86.22,87.14,12490404
2016-09-01,86.84,86.84,86.09,86.72,8434549
2016-09-02,87.42,87.58,86.9307,87.42,7099643
2016-09-05,87.42,87.42,87.42,87.42,0
2016-09-06,88.57,88.64,87.66,87.84,9850867
2016-09-07,88.24,88.67,87.97,88.65,7470375
2016-09-08,89.05,89.37,88.04,88.55,9579525
2016-09-09,86.84,88.66,86.8,88.66,12819742
2016-09-12,87.29,87.71,86.63,86.78,10888924
2016-09-13,85.21,86.47,85.08,86.46,13214009
2016-09-14,84.6,85.83,84.265,85.04,13956263
2016-09-15,85.08,85.65,84.52,84.67,9248941
2016-09-16,84.03,85.05,83.56,84.51,21538209
2016-09-19,83.83,84.62,83.81,84.58,7928997
2016-09-20,82.54,83.95,82.54,83.73,17520715
2016-09-21,83.3,83.62,82.31,82.82,15055213
2016-09-22,83.54,84.55,83.38,84.28,10737894
2016-09-23,83.45,84.31,82.59,82.68,12666906
2016-09-26,83.06,84.5,82.93,83.52,10860320
2016-09-27,83.24,83.34,82.29,82.59,9593720
2016-09-28,86.9,87.23,83.34,83.46,28116001
2016-09-29,86.46,87.2,85.675,86.97,19082873
2016-09-30,87.28,87.81,86.65,86.84,15945399
2016-10-03,87.05,87.2,86.54,86.94,7111178
2016-10-04,86.25,87.5,86.07,87.38,8221533
2016-10-05,87.0,87.17,86.7,86.83,8790439
2016-10-06,87.04,87.47,86.44,87.25,7718259
2016-10-07,86.74,87.4,86.42,86.95,6612608
2016-10-10,88.44,88.67,87.51,87.54,10059788
2016-10-11,87.74,88.19,87.3,88.08,9309029
2016-10-12,87.13,87.72,86.67,87.22,8172530
2016-10-13,86.56,86.869,85.43,86.35,9890258
2016-10-14,86.54,87.535,86.48,87.19,7991654
2016-10-17,86.54,86.79,86.07,86.48,7263061
2016-10-18,86.77,87.33,86.38,87.17,5429319
2016-10-19,87.17,87.85,86.88,87.19,9372891
2016-10-20,87.21,87.5,86.6,86.79,6865853
2016-10-21,86.62,86.82,85.6985,86.42,10736170
2016-10-24,86.91,87.32,86.07,86.74,8354850
2016-10-25,86.72,87.65,86.6,86.67,6835886
2016-10-26,87.09,87.45,85.95,86.25,8487564
2016-10-27,86.92,87.66,86.8,87.28,9069844
2016-10-28,84.78,86.36,84.14,85.28,19071127
2016-10-31,83.32,84.4,82.99,83.88,16661683
2016-11-01,83.65,83.92,83.27,83.5,13050407
2016-11-02,83.45,83.88,82.94,83.3,11225897
2016-11-03,83.66,83.88,83.05,83.68,8836446
2016-11-04,83.57,84.33,82.76,83.63,13877034
2016-11-07,85.45,85.47,84.4004,84.49,13575846
2016-11-08,85.31,85.83,84.49,84.73,9734653
2016-11-09,86.25,86.71,83.66,84.05,15900869
2016-11-10,87.05,87.99,85.66,85.91,14106127
2016-11-11,85.67,86.73,84.89,86.53,13812176
2016-11-14,85.28,85.65,84.325,85.3,12591350
2016-11-15,86.82,87.06,85.77,85.77,12882642
2016-11-16,85.75,86.78,85.58,86.74,8147527
2016-11-17,85.23,86.88,85.02,86.44,8198664
2016-11-18,85.28,85.65,84.83,85.21,8454904
2016-11-21,86.49,86.69,86.135,86.44,8860769
2016-11-22,86.68,87.24,85.97,86.69,9390016
2016-11-23,86.92,87.08,86.3101,86.54,6060956
2016-11-24,86.92,86.92,86.92,86.92,0
2016-11-25,87.12,87.14,86.54,86.71,5043042
2016-11-28,86.47,87.1348,86.37,86.95,7449634
2016-11-29,85.9,86.075,85.08,85.42,9181089
2016-11-30,87.3,88.19,87.2,87.6,22692859
2016-12-01,87.24,88.5,87.24,87.98,13004030
2016-12-02,87.04,87.99,86.6,87.19,9705406
2016-12-05,87.48,87.82,86.92,87.39,11741009
2016-12-06,87.56,87.87,86.6999,87.27,11293620
2016-12-07,88.07,88.15,87.2,87.63,11182128
2016-12-08,88.32,88.85,87.65,88.05,9086415
2016-12-09,89.0,89.0,88.18,88.64,8020683
2016-12-12,90.98,91.5,90.14,90.14,15542701
2016-12-13,92.58,93.215,91.17,91.89,18825801
2016-12-14,90.58,92.27,90.17,92.26,16323105
2016-12-15,90.89,90.98,89.76,90.1,11155061
2016-12-16,91.18,91.67,90.64,91.52,20559435
2016-12-19,90.42,91.54,90.2,91.38,9674313
2016-12-20,90.43,90.85,90.29,90.51,7220901
2016-12-21,90.28,90.9,90.18,90.68,7308034
2016-12-22,90.87,90.9,90.02,90.02,8003106
2016-12-23,90.71,90.96,90.52,90.89,4266381
2016-12-26,90.71,90.71,90.71,90.71,0
2016-12-27,90.75,91.11,90.58,90.83,4960556
2016-12-28,90.3,91.11,90.26,90.68,6745940
2016-12-29,90.35,90.6,90.03,90.1,6684111
2016-12-30,90.26,90.7,90.01,90.03,9117280
2017-01-02,90.26,90.26,90.26,90.26,0
2017-01-03,90.89,91.34,90.15,90.94,10360296
2017-01-04,89.89,91.15,89.75,91.12,9432400
2017-01-05,88.55,90.3,88.44,90.19,14440765
2017-01-06,88.5,88.98,87.82,88.79,16518128
2017-01-09,87.04,88.22,86.55,88.22,13761032
2017-01-10,85.93,87.31,85.91,87.17,13280755
2017-01-11,86.81,86.95,85.86,85.9,11182738
2017-01-12,86.34,87.38,86.07,87.27,10406849
2017-01-13,86.35,86.68,86.17,86.27,8414747
2017-01-16,86.35,86.35,86.35,86.35,0
2017-01-17,87.36,87.39,86.25,86.58,13235823
2017-01-18,86.28,87.41,86.05,87.06,11827814
2017-01-19,84.73,86.1,84.59,85.97,16382015
2017-01-20,85.89,85.96,85.05,85.44,18739659
2017-01-23,84.97,85.88,84.75,85.68,11433692
2017-01-24,85.09,85.47,84.825,84.98,11857398
2017-01-25,85.34,85.88,85.25,85.34,9576759
2017-01-26,85.6,85.83,85.12,85.69,8777256
2017-01-27,85.51,85.75,85.0441,85.3,10945804
2017-01-30,84.86,85.45,84.175,85.42,12788548
2017-01-31,83.89,85.07,83.13,85.04,19127490
2017-02-01,82.94,84.16,82.54,84.0,15111112
2017-02-02,83.45,83.53,82.55,83.21,12199263
2017-02-03,83.54,83.72,82.9,83.7,12744656
2017-02-06,83.31,83.65,82.93,83.55,9935648
2017-02-07,82.77,83.62,82.45,83.23,11700880
2017-02-08,81.48,82.12,81.17,81.99,14005389
2017-02-09,81.84,82.05,81.665,81.8,9601538
2017-02-10,82.52,82.77,82.13,82.26,8739414
2017-02-13,83.0,83.1837,82.35,82.77,9069326
2017-02-14,82.82,83.1,82.06,82.91,11370235
2017-02-15,83.16,83.18,82.4634,82.64,11768263
2017-02-16,82.3,83.42,82.17,83.12,10614906
2017-02-17,81.76,82.19,81.44,82.09,15643848
2017-02-20,81.76,81.76,81.76,81.76,0
2017-02-21,81.89,82.15,81.3,82.12,16418037
2017-02-22,80.93,81.7,80.87,81.65,12916854
2017-02-23,81.78,82.22,81.03,81.42,13846738
2017-02-24,81.08,81.8,80.76,81.6,11336822
2017-02-27,81.54,81.71,80.81,81.13,13465448
2017-02-28,81.32,81.99,81.05,81.53,16834063
2017-03-01,83.02,83.33,81.7,81.7,17479775
2017-03-02,83.3,84.25,82.79,82.8,14168732
2017-03-03,82.46,83.6,82.26,83.56,12302626
2017-03-06,82.83,82.9,82.331,82.44,9616790
2017-03-07,82.52,83.29,82.14,83.11,12711206
2017-03-08,81.03,82.38,81.01,82.35,16814880
2017-03-09,81.67,81.72,80.31,80.64,14715694
2017-03-10,81.61,82.47,81.155,82.44,11355051
2017-03-13,81.42,81.94,81.05,81.5,9536573
2017-03-14,80.99,81.229,80.44,81.0,11335253
2017-03-15,82.0,82.06,81.045,81.35,11970175
2017-03-16,82.07,82.2,81.67,82.03,9923704
2017-03-17,82.0,82.26,81.82,82.03,18834029
2017-03-20,82.0,82.04,81.44,81.72,7699658
2017-03-21,81.83,82.35,81.6,82.16,13387580
2017-03-22,81.76,82.09,81.43,81.96,11168397
2017-03-23,81.86,82.22,81.46,81.63,8927481
2017-03-24,81.23,82.03,81.149,82.03,9128399
2017-03-27,81.25,81.43,80.791,80.82,8477300
2017-03-28,81.84,82.02,80.96,81.32,11028598
2017-03-29,82.02,82.2833,81.547,81.69,8495397
2017-03-30,83.7,83.87,81.935,82.03,44704386
2017-03-31,82.01,83.31,81.86,83.26,21748902
2017-04-03,82.07,82.31,81.35,82.02,11438247
2017-04-04,82.37,82.42,81.33,82.1,9268921
2017-04-05,82.53,83.55,82.47,82.85,13808562
2017-04-06,83.01,83.21,82.46,82.75,9554910
2017-04-07,82.76,83.36,82.68,83.24,8908620
2017-04-10,83.13,83.47,82.92,83.12,8885198
2017-04-11,82.84,83.17,82.42,83.08,8576481
2017-04-12,82.97,83.35,82.7,82.86,9515700
2017-04-13,81.69,82.729,81.57,82.72,8667872
2017-04-14,81.69,81.69,81.69,81.69,0
2017-04-17,81.58,81.97,81.435,81.85,9574438
2017-04-18,81.05,81.82,81.03,81.32,8818654
2017-04-19,80.49,81.51,80.3,81.17,10763914
2017-04-20,81.01,81.74,80.7,80.95,11648911
2017-04-21,80.69,81.0,80.47,80.93,9816598
2017-04-24,81.11,81.4,80.81,81.28,8729701
2017-04-25,81.73,81.9301,81.2801,81.43,10731663
2017-04-26,81.4,82.33,81.3901,81.52,9444230
2017-04-27,81.26,81.3,80.94,81.07,12383496
2017-04-28,81.65,82.49,81.56,82.46,12071739
2017-05-01,82.06,82.21,81.48,81.51,8664074
2017-05-02,82.05,82.59,81.9,82.14,9101393
2017-05-03,82.7,83.0699,81.91,81.97,10288947
2017-05-04,81.64,82.36,81.4,82.29,16163902
2017-05-05,82.02,82.235,81.61,81.63,10213004
2017-05-08,82.89,82.94,82.0,82.0,8097077
2017-05-09,82.31,83.0,82.16,82.96,8644101
2017-05-10,81.91,82.37,81.65,82.12,9520220
2017-05-11,82.61,82.71,82.1,82.59,10046856
2017-05-12,82.55,82.71,82.25,82.39,7480240
2017-05-15,82.8,83.1829,82.65,83.0,10827772
2017-05-16,82.55,83.23,82.45,82.9,9573292
2017-05-17,81.99,83.04,81.96,82.3,11150066
2017-05-18,81.75,82.15,81.42,81.77,9905779
2017-05-19,81.93,82.09,81.695,82.0,13028511
2017-05-22,82.29,82.33,81.93,82.11,9218516
2017-05-23,82.58,82.885,82.24,82.32,6856855
2017-05-24,82.29,82.54,82.01,82.42,8262715
2017-05-25,81.75,82.71,81.52,82.33,12369364
2017-05-26,81.55,81.8,80.83,81.61,8226974
2017-05-29,81.55,81.55,81.55,81.55,0
2017-05-30,81.1,81.34,81.04,81.28,8973080
2017-05-31,80.5,80.95,80.47,80.94,13572059
2017-06-01,80.7,80.9,80.19,80.37,9883965
2017-06-02,79.5,80.68,79.26,80.59,21685442
2017-06-05,80.12,80.39,79.4,79.44,11526317
2017-06-06,81.21,81.32,80.22,80.3,12207598
2017-06-07,80.91,81.4,80.34,81.05,13095513
2017-06-08,80.62,81.08,80.49,80.51,11709716
2017-06-09,82.13,82.14,80.69,81.15,13552152
2017-06-12,82.93,83.69,82.64,82.67,18172508
2017-06-13,82.96,83.27,82.57,82.85,12175416
2017-06-14,82.07,82.82,81.56,82.81,13712458
2017-06-15,82.26,82.4,81.58,81.78,11862385
2017-06-16,83.49,83.54,82.2,82.61,39724954
2017-06-19,82.76,83.45,82.55,83.22,10445743
2017-06-20,82.31,82.466,81.41,82.07,13231886
2017-06-21,81.44,82.63,81.14,82.04,11419032
2017-06-22,81.08,81.58,80.9,81.45,8139336
2017-06-23,81.61,81.69,80.76,80.85,10610159
2017-06-26,81.24,81.75,80.9073,81.57,7718671
2017-06-27,81.11,81.73,81.11,81.45,9221455
2017-06-28,81.53,81.76,81.185,81.41,9189671
2017-06-29,80.7,81.84,80.41,81.37,20524977
2017-06-30,80.73,81.241,80.7,81.08,13999271
2017-07-03,82.1,82.49,80.72,80.79,8422283
2017-07-04,82.1,82.1,82.1,82.1,0
2017-07-05,80.85,81.68,80.515,81.68,9830764
2017-07-06,80.12,81.08,80.09,80.86,9821148
2017-07-07,80.22,80.595,79.81,80.2,10776832
2017-07-10,80.16,80.41,79.96,80.0,6338062
2017-07-11,80.6,80.7547,80.0399,80.33,9679037
2017-07-12,80.96,81.515,80.75,81.19,7973953
2017-07-13,80.97,81.09,80.73,80.97,5581849
2017-07-14,81.28,81.41,80.77,81.0,7496849
2017-07-17,80.86,81.43,80.83,81.0,7903326
2017-07-18,80.6,81.08,80.41,81.02,8042726
2017-07-19,80.85,80.87,80.27,80.44,9392178
2017-07-20,80.86,81.49,80.75,80.97,9680365
2017-07-21,80.12,80.84,80.0,80.65,12267905
2017-07-24,79.87,80.22,79.76,80.06,9402722
2017-07-25,80.27,81.05,80.27,80.77,11464041
2017-07-26,80.37,80.9,80.2,80.58,10465120
2017-07-27,80.83,80.88,79.8966,80.24,11145740
2017-07-28,79.6,79.92,78.27,79.65,22797293
2017-07-31,80.04,80.39,79.6,79.83,12819545
2017-08-01,80.17,80.54,79.97,80.16,10419875
2017-08-02,80.6,80.64,79.8,79.9,10408075
2017-08-03,80.49,80.82,80.2999,80.34,10136238
2017-08-04,80.21,80.56,80.05,80.44,8291634
2017-08-07,80.16,80.17,79.86,80.17,7893422
2017-08-08,79.96,80.215,79.83,80.02,9025383
2017-08-09,80.21,80.35,79.78,80.25,8085896
2017-08-10,78.97,79.78,78.91,79.76,12578345
2017-08-11,78.21,79.25,78.2,79.21,10189419
2017-08-14,78.23,78.79,78.12,78.62,8861845
2017-08-15,78.04,78.25,77.68,78.12,10350448
2017-08-16,77.47,78.17,77.31,78.04,9115751
2017-08-17,76.26,77.28,76.21,77.26,13398880
2017-08-18,76.64,77.11,76.05,76.18,14323561
2017-08-21,76.38,76.62,76.08,76.47,10084924
2017-08-22,76.74,77.335,76.53,76.55,9501553
2017-08-23,76.61,77.01,76.47,76.7,7053994
2017-08-24,76.33,76.65,76.2,76.5,8678091
2017-08-25,76.72,77.13,76.43,76.56,6843890
2017-08-28,76.47,76.94,76.26,76.9,8228410
2017-08-29,76.45,76.49,76.08,76.21,7060340
2017-08-30,76.1,76.45,76.06,76.24,8214627
2017-08-31,76.33,76.49,76.05,76.27,15641730
2017-09-01,76.57,76.85,76.32,76.37,7358842
2017-09-04,76.57,76.57,76.57,76.57,0
2017-09-05,77.18,77.36,76.61,76.64,12784795
2017-09-06,78.78,79.225,77.58,77.89,18574383
2017-09-07,79.03,79.3299,78.61,79.02,9835947
2017-09-08,78.82,79.04,78.63,79.01,8435733
2017-09-11,79.25,79.42,78.9,79.41,12955673
2017-09-12,79.5,79.69,79.24,79.4,7643403
2017-09-13,79.77,79.77,79.38,79.5,8369559
2017-09-14,80.09,80.23,79.77,79.85,9067175
2017-09-15,80.07,80.21,79.55,80.12,16043641
2017-09-18,80.09,80.14,79.7,79.79,8594074
2017-09-19,80.22,80.39,79.985,80.06,9276572
2017-09-20,80.55,80.66,80.26,80.28,10606660
2017-09-21,79.89,80.53,79.76,80.49,11984080
2017-09-22,79.92,80.3,79.67,79.72,10204689
2017-09-25,80.98,81.0,79.98,80.03,10496337
2017-09-26,80.89,80.995,80.56,80.71,8754980
2017-09-27,81.43,81.45,80.79,80.89,9724266
2017-09-28,82.19,82.45,81.56,81.63,15581677
2017-09-29,81.98,82.055,81.575,81.94,9942991
2017-10-02,81.63,81.819,81.245,81.3,6777832
2017-10-03,81.76,81.97,81.3,81.41,6079970
2017-10-04,81.79,81.87,81.45,81.8,6357088
2017-10-05,82.02,82.24,81.59,81.72,7375652
2017-10-06,81.71,81.89,81.355,81.77,6070570
2017-10-09,82.03,82.18,81.76,81.84,7489884
2017-10-10,82.26,82.735,82.09,82.34,7218534
2017-10-11,82.6,82.74,82.14,82.16,7023706
2017-10-12,82.43,82.5,82.17,82.31,6647544
2017-10-13,82.41,83.08,82.36,82.73,7180046
2017-10-16,82.81,82.95,82.54,82.7,5734007
2017-10-17,82.96,82.97,82.54,82.63,6444106
2017-10-18,82.76,83.391,82.54,82.96,6367060
2017-10-19,82.74,83.05,82.33,82.35,7945461
2017-10-20,83.11,83.13,82.62,82.85,9574086
2017-10-23,83.24,83.76,83.0401,83.15,9829896
2017-10-24,83.47,83.8065,83.31,83.55,7551187
2017-10-25,83.17,83.73,82.9465,83.45,9153318
2017-10-26,83.47,83.65,83.11,83.37,9154478
2017-10-27,83.71,84.24,82.01,83.0,14866246
2017-10-30,83.54,83.95,83.41,83.71,7811142
2017-10-31,83.35,83.68,83.17,83.65,9754213
2017-11-01,83.87,83.94,83.26,83.39,9429983
2017-11-02,83.53,83.705,82.91,83.6,7775467
2017-11-03,83.18,83.64,83.16,83.42,6903526
2017-11-06,83.75,83.87,83.06,83.3,9276669
2017-11-07,83.58,83.82,83.03,83.74,8471825
2017-11-08,83.47,83.5,82.86,83.36,8691551
2017-11-09,83.97,84.14,83.08,83.3,10528803
2017-11-10,82.94,83.08,82.42,83.01,8693652
2017-11-13,82.89,83.09,82.6,82.65,6720400
2017-11-14,82.24,82.75,82.09,82.42,9251742
2017-11-15,81.21,82.09,81.15,81.75,9663606
2017-11-16,80.56,80.85,80.145,80.44,10527200
2017-11-17,80.24,80.66,80.16,80.32,9536383
2017-11-20,80.55,80.64,80.01,80.23,8468631
2017-11-21,80.87,81.25,80.64,80.69,8838367
2017-11-22,81.1,81.4051,81.05,81.16,7941632
2017-11-23,81.1,81.1,81.1,81.1,0
2017-11-24,81.42,81.7,81.22,81.44,3851283
2017-11-27,81.11,81.4,81.02,81.32,9127527
2017-11-28,81.67,81.999,81.31,81.41,9794574
2017-11-29,82.27,82.31,81.48,81.65,9724992
2017-11-30,83.29,83.4,82.41,82.45,18592679
2017-12-01,83.46,84.13,82.41,83.44,13779254
2017-12-04,83.57,84.175,83.0,83.21,12597705
2017-12-05,82.89,83.77,82.71,83.5,9357185
2017-12-06,82.28,83.2,82.21,83.08,13398866
2017-12-07,82.55,82.62,82.17,82.4,11359598
2017-12-08,82.66,82.9,82.26,82.75,11988633
2017-12-11,83.03,83.25,82.74,82.95,8760735
2017-12-12,82.76,83.38,82.7,83.09,11307030
2017-12-13,83.12,83.3,82.48,82.61,10172650
2017-12-14,82.9,83.33,82.89,83.03,9492394
2017-12-15,83.03,83.28,82.87,83.16,26582332
2017-12-18,82.94,83.6744,82.91,83.18,9363466
2017-12-19,82.44,83.17,82.33,83.03,10285052
2017-12-20,82.87,83.14,82.5201,82.6,10620305
2017-12-21,83.85,84.27,82.96,83.35,13578133
2017-12-22,83.97,84.02,83.6,83.88,10161447
2017-12-25,83.97,83.97,83.97,83.97,0
2017-12-26,83.98,84.36,83.9,83.96,4777216
2017-12-27,83.9,84.1,83.74,83.99,7000612
2017-12-28,84.02,84.05,83.8,83.98,7495254
2017-12-29,83.64,84.2,83.64,84.0,8523411
2018-01-01,83.64,83.64,83.64,83.64,0
2018-01-02,85.03,85.195,83.66,83.82,11469254
2018-01-03,86.7,86.965,84.82,85.16,13957739
2018-01-04,86.82,87.22,86.43,86.79,10863030
2018-01-05,86.75,86.88,85.705,86.75,11047571
2018-01-08,87.14,87.15,86.6034,86.7,10927088
2018-01-09,86.77,87.15,86.65,86.94,8131631
2018-01-10,86.08,87.19,85.98,87.0,10822328
2018-01-11,86.93,87.37,85.93,86.36,14366028
2018-01-12,87.52,87.99,87.18,87.2,9834511
2018-01-15,87.52,87.52,87.52,87.52,0
2018-01-16,86.97,87.76,86.6,87.74,10882786
2018-01-17,88.0,88.21,86.93,87.2,10545961
2018-01-18,87.43,88.19,87.34,87.77,9223679
2018-01-19,87.15,87.76,86.61,87.57,13090032
2018-01-22,88.25,88.29,87.05,87.17,10270380
2018-01-23,88.3,88.46,87.74,88.25,10281817
2018-01-24,88.53,88.918,88.01,88.49,10316111
2018-01-25,88.37,88.87,88.2,88.55,11271867
2018-01-26,89.0,89.0,88.47,88.64,10514408
2018-01-29,88.01,89.3,87.95,88.59,9315696
2018-01-30,86.78,88.38,86.78,87.54,12407974
2018-01-31,87.3,87.47,86.33,86.56,14404736
2018-02-01,89.07,89.25,87.35,87.5,17971012
2018-02-02,84.53,86.01,82.9978,85.13,29822144
2018-02-05,79.72,83.99,78.13,83.28,30452693
2018-02-06,78.35,80.35,76.9,78.51,36262761
2018-02-07,76.94,79.41,76.92,78.44,21994450
2018-02-08,76.07,77.58,76.03,77.44,25650789
2018-02-09,75.78,76.48,73.9,76.25,29491592
2018-02-12,76.42,77.621,75.841,77.05,19340419
2018-02-13,76.3,76.75,75.73,76.1,11926610
2018-02-14,76.46,76.66,75.165,75.79,17188405
2018-02-15,76.21,76.7,75.45,76.62,14432424
2018-02-16,76.54,77.12,75.85,76.15,13722431
2018-02-19,76.54,76.54,76.54,76.54,0
2018-02-20,75.75,77.47,75.461,76.47,13387346
2018-02-21,74.89,76.435,74.87,75.82,11714985
2018-02-22,75.86,76.84,75.185,75.3,14020186
2018-02-23,77.53,77.62,75.95,76.09,13378795
2018-02-26,78.84,78.93,77.56,77.74,16940419
2018-02-27,77.5,79.87,77.5,79.0,14629517
2018-02-28,75.74,78.25,75.7,78.16,17087816
2018-03-01,75.2,76.6808,74.855,75.53,15696665
2018-03-02,75.55,75.87,74.48,74.89,15630250
2018-03-05,76.27,76.56,75.121,75.23,14890975
2018-03-06,76.18,76.98,75.861,76.67,10754291
2018-03-07,74.26,75.24,73.56,75.0,27255463
2018-03-08,74.12,74.77,73.69,74.5,19299848
2018-03-09,74.56,75.06,74.21,74.82,19714061
2018-03-12,75.24,75.58,74.69,74.87,14226706
2018-03-13,74.53,75.82,74.25,75.33,13739675
2018-03-14,73.6,74.79,73.53,74.64,14820676
2018-03-15,74.42,75.0,74.1,74.35,15640605
2018-03-16,75.12,75.12,74.36,74.36,32109720
2018-03-19,74.15,75.01,73.865,75.0,12744781
2018-03-20,73.99,74.7,73.95,74.22,13003183
2018-03-21,75.04,75.64,73.98,74.23,15418459
2018-03-22,73.5,74.7,73.39,74.42,17737019
2018-03-23,72.89,74.21,72.67,73.81,20157333
2018-03-26,74.0,74.15,72.7548,73.65,15032698
2018-03-27,73.7,74.8949,73.275,74.0,15821908
2018-03-28,72.81,74.01,72.78,73.74,18163875
2018-03-29,74.61,74.89,73.26,73.33,14882885
2018-03-30,74.61,74.61,74.61,74.61,0
2018-04-02,73.22,74.4,72.155,74.27,17891083
2018-04-03,75.02,75.14,73.1,73.45,15999151
2018-04-04,74.87,75.06,73.44,74.05,13122170
2018-04-05,76.02,76.32,75.02,75.06,14199993
2018-04-06,74.87,76.12,74.215,75.64,14299567
2018-04-09,74.87,75.79,74.8,75.22,11103111
2018-04-10,77.07,77.77,76.06,76.08,19292201
2018-04-11,77.43,78.04,76.75,77.11,13733954
2018-04-12,77.22,78.135,77.005,77.86,13270354
2018-04-13,77.84,78.19,77.6,77.8,10924966
2018-04-16,78.54,79.085,77.71,78.12,10743642
2018-04-17,78.33,78.76,78.04,78.54,10478093
2018-04-18,79.22,79.76,78.94,79.04,12061415
2018-04-19,79.42,79.82,78.81,79.32,11291467
2018-04-20,79.0,79.4,78.335,79.32,12072220
2018-04-23,79.57,79.6,78.75,78.92,11729830
2018-04-24,78.35,79.93,77.97,79.8,14101979
